StateAbbr,PlaceName,PlaceFIPS,Population2010,Lack of Health Insurance,Arthritis,Binge Drinking,High Blood Pressure,Blood Pressure Medication,Cancer,Asthma,Coronary Heart Disease,Annual Checkup,Cholesterol Screening,Colonoscopy,Chronic obstructive pulmonary disease,Preventive Services (Older Men),Preventive Services (Older Women),Smoking,Dental Visit,Diabetes,High Cholesterol,Kidney Disease,Physical Inactivity,Mammography,Poor Mental Health,Obesity,Cervical Cancer Screening,Poor Physical Health,Sleep < 7 hrs,Stroke,Teethlost,Geolocation
AL,Birmingham,107000,212237,21.4,32.6,11.4,45.9,70.5,6.1,11.4,7.6,77.3,74.4,62.7,9.4,30.3,27.9,22.0,49.1,16.1,35.4,3.3,31.7,79.7,17.0,39.0,80.1,18.3,46.9,5.0,25.9,"(33.52756637730, -86.7988174678)"
AL,Hoover,135896,81619,10.2,25.3,15.7,31.9,63.8,6.8,8.2,5.4,73.9,77.0,73.6,5.3,42.3,42.2,13.2,72.7,7.7,35.0,2.2,17.8,82.1,10.8,24.7,86.3,10.0,34.6,2.2,9.5,"(33.37676027290, -86.8051937568)"
AL,Huntsville,137000,180105,16.3,29.4,12.3,36.7,66.9,6.5,9.6,6.7,70.8,76.2,65.8,7.5,39.7,36.9,21.3,60.5,10.7,35.8,2.6,24.9,80.0,14.0,32.0,83.5,13.9,39.7,3.2,14.7,"(34.69896926710, -86.6387042882)"
AL,Mobile,150000,195111,19.1,31.8,12.8,43.0,69.3,6.5,10.7,7.6,72.4,73.2,62.7,8.7,34.3,32.2,22.0,52.6,13.8,37.6,3.1,27.4,80.1,15.8,37.6,81.9,16.3,42.2,4.1,24.1,"(30.67762486480, -88.1184482714)"
AL,Montgomery,151000,205764,18.5,31.4,12.2,40.6,70.3,6.4,10.8,7.2,75.2,75.1,63.3,8.6,32.1,27.7,21.3,57.1,13.3,36.9,3.1,27.9,80.2,15.5,36.8,83.0,16.2,41.3,4.1,21.2,"(32.34726453330, -86.2677059552)"
AL,Tuscaloosa,177256,90468,18.5,32.3,12.1,40.0,69.0,6.5,10.9,7.4,74.3,74.4,64.2,9.1,36.0,33.7,23.2,56.4,13.6,38.7,2.9,28.6,79.8,15.9,38.5,81.0,16.6,41.4,4.1,20.6,"(33.23360839510, -87.5268004073)"
AK,Anchorage,203000,291826,14.5,21.3,20.2,30.2,49.0,6.2,8.6,5.0,60.7,70.2,60.3,5.0,33.4,29.0,18.3,66.0,8.2,32.9,2.3,19.2,70.4,9.4,27.7,79.9,9.9,33.4,2.6,13.0,"(61.14986873100, -149.111113424)"
AZ,Avondale,404720,76238,21.4,23.0,14.7,28.4,56.0,5.5,9.9,6.1,64.8,70.7,59.0,6.5,29.1,27.5,18.5,56.7,11.0,33.9,3.6,24.3,77.2,12.6,30.1,80.3,13.5,36.2,3.1,16.1,"(33.38583674050, -112.323626619)"
AZ,Chandler,412000,236123,12.3,21.2,16.2,26.0,54.8,6.0,9.1,5.0,66.1,72.8,67.0,5.3,34.5,35.2,15.3,68.0,7.7,33.1,3.1,17.4,80.3,10.2,24.5,83.5,9.7,32.9,2.4,9.9,"(33.28318981000, -111.852210033)"
AZ,Gilbert,427400,208453,9.7,20.8,17.2,25.3,54.2,6.1,9.0,4.8,66.3,73.8,69.0,4.9,35.7,36.9,14.7,71.2,7.1,32.8,3.0,15.6,81.2,9.6,23.5,85.0,8.8,32.0,2.2,8.3,"(33.31014939200, -111.746237467)"
AZ,Glendale,427820,226721,20.5,23.8,14.7,28.3,56.4,5.9,10.2,6.1,64.3,70.3,60.4,7.2,31.5,30.4,19.8,57.1,9.9,34.1,3.5,23.7,76.7,13.0,29.6,78.6,13.5,35.8,3.1,14.8,"(33.57961230890, -112.225306421)"
AZ,Mesa,446000,439041,17.1,23.4,15.6,27.5,55.7,6.1,10.1,5.9,64.4,71.1,62.9,6.9,33.1,32.4,19.3,60.6,8.9,33.8,3.4,21.3,77.5,12.4,28.3,80.4,12.3,34.7,2.9,13.2,"(33.40228373590, -111.718721181)"
AZ,Peoria,454050,154065,13.2,22.4,16.6,26.1,54.8,6.2,9.6,5.3,65.4,72.9,65.7,6.0,34.4,34.6,17.4,65.8,7.9,33.1,3.2,18.6,79.1,11.2,26.0,82.7,10.6,33.5,2.5,10.9,"(33.78472064220, -112.298680584)"
AZ,Phoenix,455000,1445632,22.2,23.6,14.5,28.9,56.7,5.9,10.2,6.1,64.1,69.7,60.1,7.1,31.7,30.7,19.6,56.4,10.2,34.3,3.6,24.1,76.7,13.1,30.1,78.5,13.8,35.6,3.1,14.6,"(33.57241386950, -112.088995222)"
AZ,Scottsdale,465000,217385,9.3,20.8,17.1,25.6,54.4,6.3,9.0,4.7,66.1,73.3,70.1,4.9,37.1,37.7,14.0,72.3,6.5,33.0,3.0,14.6,81.4,9.4,23.2,85.1,8.5,30.8,2.1,7.7,"(33.68724936510, -111.865085877)"
AZ,Surprise,471510,117517,13.4,22.3,16.4,26.3,55.0,6.2,9.6,5.3,65.5,72.9,66.3,5.9,35.1,35.3,17.4,65.6,7.9,33.1,3.2,18.5,79.6,11.2,26.3,82.9,10.5,33.7,2.5,10.6,"(33.68038351770, -112.452218439)"
AZ,Tempe,473000,161719,14.7,22.5,15.3,28.2,56.4,6.1,9.7,5.5,64.9,70.4,64.5,6.2,34.0,33.5,17.5,62.9,8.5,34.1,3.3,19.4,78.8,11.5,27.2,80.5,11.3,34.0,2.7,10.7,"(33.38826403070, -111.931802302)"
AZ,Tucson,477000,520116,20.6,23.8,13.7,29.6,56.2,6.0,10.4,6.1,62.9,69.9,58.0,7.4,29.3,30.1,19.2,56.9,10.0,35.0,3.7,22.6,73.5,13.3,30.4,75.7,13.8,34.8,3.1,13.5,"(32.15672444830, -110.877085494)"
AZ,Yuma,485540,93064,23.6,22.4,15.2,31.7,56.1,5.6,9.4,6.4,62.8,68.1,52.8,7.0,31.6,24.8,17.7,53.9,11.1,34.5,3.7,24.9,75.2,13.2,33.3,78.7,14.0,36.0,3.1,16.0,"(32.59860271170, -114.548368370)"
AR,Fayetteville,523290,73580,14.0,24.8,15.3,32.2,62.1,6.4,8.9,6.8,63.6,68.2,59.1,7.1,34.6,31.9,21.3,60.4,9.3,33.5,2.7,25.0,71.1,12.5,30.4,78.8,12.9,33.5,2.8,15.6,"(36.07121173120, -94.1659600436)"
AR,Fort Smith,524550,86209,22.0,27.1,13.1,37.6,62.4,6.2,9.8,8.0,65.0,68.1,56.1,9.1,29.7,30.3,26.1,54.1,11.6,34.5,3.1,33.9,72.8,15.4,35.8,74.0,17.1,38.0,3.6,21.5,"(35.34916926360, -94.3696317306)"
AR,Jonesboro,535710,67263,17.1,25.9,14.4,36.3,64.8,6.4,9.4,7.4,65.3,69.6,58.9,8.0,32.6,31.6,24.3,57.1,10.3,34.8,2.9,30.1,70.1,13.9,32.9,78.6,14.6,35.8,3.2,18.7,"(35.82081215380, -90.6794991686)"
AR,Little Rock,541000,193524,16.6,25.2,13.8,38.2,67.5,6.1,9.3,6.7,69.2,74.3,64.4,6.7,35.5,33.2,20.8,61.3,11.8,35.5,3.0,26.7,78.2,12.5,31.0,82.8,12.9,36.5,3.4,15.8,"(34.72539578940, -92.3583751863)"
AR,Springdale,566080,69797,25.3,26.5,13.9,32.5,61.4,6.1,9.5,8.0,61.7,66.8,51.5,9.0,30.4,27.5,25.6,49.2,11.9,34.1,3.2,33.6,66.2,15.2,34.5,73.7,17.1,36.2,3.5,24.4,"(36.18699325980, -94.1536274531)"
CA,Alameda,600562,73812,10.7,18.5,15.0,24.3,51.5,5.7,7.9,4.5,66.0,74.0,67.5,4.3,33.5,30.1,11.9,69.9,8.1,31.3,2.2,18.7,80.2,9.8,18.7,81.7,9.6,32.3,2.2,7.5,"(37.76508490310, -122.266489842)"
CA,Alhambra,600884,83089,17.9,16.6,12.0,26.2,51.1,4.5,6.8,4.6,67.0,73.1,55.9,4.0,22.4,25.3,12.2,61.4,10.9,35.3,2.3,24.8,79.7,10.1,18.1,73.7,11.4,38.4,2.3,8.8,"(34.08397343830, -118.135514119)"
CA,Anaheim,602000,336265,22.1,19.2,16.3,27.5,52.5,5.3,8.4,5.6,64.4,73.8,58.9,5.5,24.7,27.2,15.2,59.9,10.5,32.0,2.6,26.2,78.8,12.5,23.3,78.5,13.4,33.8,2.7,11.4,"(33.83890769960, -117.857613481)"
CA,Antioch,602252,102372,16.8,21.3,15.8,29.7,53.4,5.7,9.1,5.8,65.4,74.8,62.6,5.9,27.5,25.8,16.1,62.7,10.3,32.1,2.6,24.4,79.1,12.6,30.5,81.9,13.2,37.9,2.9,12.2,"(37.97770429220, -121.796606971)"
CA,Apple Valley,602364,69135,16.9,22.4,16.9,29.0,53.1,6.1,9.5,6.1,65.1,71.6,61.3,6.9,29.6,27.9,18.1,58.9,10.0,32.5,2.6,23.1,78.6,13.7,27.0,81.6,14.0,36.7,3.0,12.7,"(34.53159849480, -117.211012664)"
CA,Bakersfield,603526,347483,20.9,21.5,16.8,31.6,53.8,5.8,9.1,6.2,66.2,71.5,60.7,6.4,26.0,26.8,17.6,61.5,10.9,34.8,2.8,27.1,76.9,13.5,30.3,80.6,14.3,34.8,3.1,13.7,"(35.35133028550, -119.029786003)"
CA,Baldwin Park,603666,75390,30.1,19.0,14.3,27.4,50.5,4.5,7.9,6.1,64.5,72.4,50.9,5.1,20.0,20.3,15.3,52.3,13.7,35.7,2.9,30.0,77.4,13.3,27.4,77.5,16.1,38.9,2.9,12.7,"(34.08287151900, -117.972100918)"
CA,Bellflower,604982,76616,22.9,20.1,14.9,28.8,52.6,5.3,8.5,6.0,66.7,73.7,56.9,5.8,23.2,23.9,16.0,57.2,11.9,35.1,2.7,25.9,79.1,13.0,27.4,79.6,14.6,39.0,3.0,11.7,"(33.88804179230, -118.127100236)"
CA,Berkeley,606000,112580,9.9,19.1,15.8,25.9,52.3,6.1,8.2,4.7,66.0,73.4,70.3,4.3,35.5,30.7,11.3,71.4,7.8,31.4,2.2,16.5,81.4,9.8,21.0,84.1,9.4,30.9,2.3,6.5,"(37.87256787650, -122.274907975)"
CA,Buena Park,608786,80530,17.8,18.2,15.8,26.9,52.6,5.2,7.9,5.0,65.5,74.4,60.1,4.9,25.1,28.6,14.0,63.2,9.9,31.7,2.4,24.4,79.8,11.2,20.5,77.8,11.8,33.9,2.5,9.7,"(33.85721268440, -118.004517591)"
CA,Burbank,608954,103340,12.6,18.5,17.7,25.4,49.8,6.0,7.9,5.2,66.9,76.1,65.1,4.8,27.7,29.4,13.4,69.7,8.3,34.2,2.3,18.0,81.6,10.7,21.9,83.6,10.8,34.2,2.3,7.6,"(34.18797996050, -118.323429032)"
CA,Carlsbad,611194,105328,8.8,18.8,19.7,24.8,51.0,6.3,7.8,4.8,66.8,76.1,69.4,4.5,32.8,31.6,11.6,73.0,7.2,30.3,2.2,15.8,81.4,9.8,20.1,85.7,8.9,31.4,2.1,6.8,"(33.12480510260, -117.282903303)"
CA,Carson,611530,91714,18.7,18.4,14.0,28.7,52.6,4.9,7.9,5.2,68.9,75.2,60.0,4.5,22.0,25.1,13.7,61.0,11.7,34.1,2.6,23.8,81.9,11.2,24.4,80.2,12.3,39.8,2.9,9.9,"(33.83740830010, -118.255936422)"
CA,Chico,613014,86187,13.4,22.1,18.4,29.9,50.3,6.5,9.4,5.8,61.8,72.3,62.3,6.5,29.0,29.3,17.0,62.9,8.6,34.0,2.4,20.6,78.1,13.0,27.1,81.3,12.7,33.5,2.8,10.5,"(39.75685036680, -121.815983972)"
CA,Chino,613210,77983,17.3,19.7,16.9,27.4,51.2,5.3,8.2,5.5,65.7,72.3,61.7,5.1,28.0,26.8,14.2,61.5,10.4,32.0,2.5,22.4,80.5,11.5,24.7,83.8,12.4,36.0,2.6,11.2,"(33.98358812600, -117.665296584)"
CA,Chino Hills,613214,74799,10.6,17.3,15.9,25.6,50.6,5.2,7.2,4.3,67.6,73.4,66.7,3.8,30.2,31.7,10.7,70.2,8.3,31.4,2.1,17.8,83.1,8.9,18.6,83.9,9.0,34.2,2.0,7.2,"(33.95077454600, -117.725326968)"
CA,Chula Vista,613392,243916,19.2,19.0,16.6,26.1,51.7,5.1,7.7,5.4,66.2,73.9,60.7,4.8,27.0,24.7,12.8,61.5,11.1,30.9,2.7,24.0,79.3,11.4,23.9,82.1,12.1,35.7,2.5,11.2,"(32.62829642620, -117.010042407)"
CA,Citrus Heights,613588,83301,13.1,21.9,18.3,28.9,52.9,6.3,9.4,5.9,62.8,74.3,64.6,6.6,29.8,28.7,18.9,63.6,8.8,30.9,2.5,20.4,80.0,13.2,26.8,83.1,12.8,32.2,2.8,12.5,"(38.69477883420, -121.287991502)"
CA,Clovis,614218,95631,13.3,20.4,17.6,27.7,51.7,6.0,8.7,5.5,64.8,71.4,66.5,5.7,31.2,29.7,13.8,68.9,8.9,32.6,2.3,21.8,79.0,11.9,23.6,82.7,11.6,29.6,2.6,10.4,"(36.82894001790, -119.686652850)"
CA,Compton,615044,96455,32.4,23.0,13.5,34.5,55.4,5.0,10.2,7.3,67.3,72.6,52.5,7.1,17.7,18.5,19.4,46.1,16.5,35.3,3.4,32.2,79.2,16.1,35.5,78.9,19.1,43.2,4.6,19.1,"(33.89296569300, -118.227506568)"
CA,Concord,616000,122067,15.3,20.1,16.9,27.5,51.4,5.9,8.5,5.3,64.4,74.8,65.6,5.2,30.4,29.4,14.5,67.1,8.7,32.0,2.4,21.6,80.0,11.5,27.5,82.6,11.7,35.1,2.4,9.3,"(37.97218103070, -122.001588036)"
CA,Corona,616350,152374,16.9,20.3,16.8,29.1,49.0,5.7,8.4,5.4,66.8,74.7,63.6,5.2,26.3,28.5,14.6,65.2,9.7,33.0,2.5,23.3,81.2,11.6,26.3,83.0,12.1,36.5,2.6,11.4,"(33.86235717870, -117.564224471)"
CA,Costa Mesa,616532,109960,15.9,19.2,18.4,26.8,51.9,5.9,8.4,5.4,64.8,75.1,63.5,5.4,27.5,30.1,14.4,66.4,8.8,31.6,2.4,21.3,80.0,11.6,22.2,81.8,11.8,31.6,2.5,9.4,"(33.66676513530, -117.913504750)"
CA,Daly City,617918,101123,13.9,17.0,12.7,25.0,52.3,4.6,6.9,4.3,66.0,75.1,61.1,3.7,26.1,30.1,11.1,66.1,9.6,31.3,2.2,23.2,80.9,9.2,17.6,76.3,9.7,35.1,2.1,8.6,"(37.68615522760, -122.468298024)"
CA,Downey,619766,111772,22.7,18.6,16.0,26.4,50.0,5.2,7.7,5.7,66.1,74.3,58.7,4.8,24.1,24.8,13.5,61.4,11.2,34.8,2.7,23.8,80.3,11.8,26.3,82.7,13.3,36.5,2.6,9.8,"(33.93786725600, -118.131150116)"
CA,El Cajon,621712,99478,19.7,22.9,17.1,28.5,53.8,6.0,9.6,6.5,64.5,72.8,58.8,7.7,28.0,24.8,19.2,55.5,10.8,31.7,2.8,26.1,75.6,14.9,27.1,78.3,15.1,36.9,3.3,14.4,"(32.80165819210, -116.960483614)"
CA,Elk Grove,622020,153015,11.4,19.0,15.8,28.7,53.4,5.5,8.2,4.9,65.4,74.6,66.1,4.7,28.8,29.8,14.3,67.0,9.0,30.4,2.3,19.3,82.6,10.6,22.3,82.7,10.4,32.9,2.4,9.8,"(38.41599920060, -121.384137762)"
CA,El Monte,622230,113475,32.2,19.6,12.7,28.7,51.7,4.4,8.2,6.3,63.8,70.7,47.4,5.8,19.1,19.8,17.0,47.9,14.4,36.5,2.9,33.0,75.2,14.2,26.4,71.8,17.4,40.4,3.2,14.7,"(34.07391965300, -118.029071951)"
CA,Escondido,622804,143911,23.1,21.7,16.7,27.3,52.6,5.7,9.0,6.3,64.1,72.6,59.1,6.8,27.7,24.9,17.1,55.5,11.1,31.6,2.8,26.7,76.4,14.1,26.5,78.9,14.7,36.4,3.1,14.1,"(33.13469529550, -117.072122618)"
CA,Fairfield,623182,105321,15.8,21.2,16.4,29.7,54.6,5.6,8.9,5.6,65.2,73.8,63.4,5.7,27.0,28.3,15.8,63.0,10.2,32.3,2.6,22.8,78.5,12.2,26.7,79.9,12.5,35.3,2.9,12.2,"(38.25584463430, -122.039303253)"
CA,Folsom,624638,72203,8.9,18.4,19.5,27.1,51.7,6.2,7.8,4.7,65.0,76.2,71.4,4.3,33.0,33.8,13.5,72.7,7.1,29.9,2.1,15.2,84.1,9.5,21.8,87.1,8.9,29.8,2.1,7.5,"(38.67504943280, -121.147605753)"
CA,Fontana,624680,196069,23.4,21.0,15.5,29.2,52.5,5.1,8.9,6.1,65.2,70.7,57.2,5.9,25.4,23.4,15.6,54.9,12.4,32.6,2.8,26.6,78.8,13.2,28.1,81.8,15.0,37.7,3.1,15.0,"(34.09742278330, -117.459241285)"
CA,Fremont,626000,214089,10.3,16.7,13.7,23.1,50.4,5.1,6.9,4.1,66.5,74.1,67.7,3.5,33.0,30.6,10.1,71.2,8.0,31.1,2.0,18.7,81.1,8.4,15.6,81.0,8.5,32.5,1.9,6.9,"(37.52786854050, -121.984121512)"
CA,Fresno,627000,494665,24.3,22.2,14.7,31.4,54.3,5.5,9.6,6.6,63.3,67.7,58.0,7.1,27.4,25.1,16.8,56.3,12.3,34.0,2.8,30.3,75.5,14.8,28.7,76.7,16.2,32.9,3.4,15.2,"(36.78267867110, -119.794126569)"
CA,Fullerton,628000,135161,16.5,18.3,16.3,26.9,52.5,5.5,8.0,5.0,65.4,74.4,62.2,4.9,26.8,30.3,13.7,65.3,9.1,31.7,2.3,22.5,80.2,11.1,20.6,79.0,11.4,32.7,2.4,8.6,"(33.88403780130, -117.927850895)"
CA,Garden Grove,629000,170883,20.8,18.5,14.5,27.4,52.8,4.9,7.9,5.3,64.6,73.3,55.9,5.3,22.9,26.6,15.4,58.0,10.8,32.2,2.5,28.1,77.7,12.0,19.9,73.2,13.0,35.6,2.7,11.8,"(33.77869406350, -117.960111162)"
CA,Glendale,630000,191719,14.4,19.6,16.2,26.7,51.0,6.0,8.4,5.6,66.1,74.6,61.4,5.8,26.6,27.3,15.3,65.2,9.0,34.9,2.4,20.5,79.5,12.0,22.5,79.8,12.3,35.3,2.7,9.6,"(34.18188937300, -118.246766660)"
CA,Hawthorne,632548,84293,24.0,20.6,14.3,31.1,54.3,5.2,9.1,6.2,68.0,73.9,56.6,5.8,21.9,22.6,16.4,55.2,13.2,34.9,2.9,26.6,80.0,13.6,30.1,80.6,15.3,40.3,3.4,12.4,"(33.91466770100, -118.347667728)"
CA,Hayward,633000,144186,18.7,20.0,14.4,25.7,52.0,5.3,8.4,5.4,65.1,73.1,62.0,5.2,29.7,25.6,14.5,60.4,10.8,31.5,2.6,24.7,78.1,11.9,23.8,80.0,12.7,35.6,2.8,11.4,"(37.63295915510, -122.077051051)"
CA,Hemet,633182,78657,22.6,24.1,15.4,32.1,51.2,6.1,10.1,6.8,64.8,72.3,56.6,8.0,25.3,25.5,20.5,54.9,11.1,34.3,2.8,29.1,76.2,15.4,31.5,77.6,16.6,39.0,3.4,16.5,"(33.73522773110, -116.994605005)"
CA,Hesperia,633434,90173,22.2,23.2,15.9,29.8,52.9,5.8,9.7,6.8,63.8,70.1,56.0,7.6,26.9,23.8,19.1,53.0,11.7,33.2,2.8,26.8,76.2,14.9,29.2,79.7,16.3,37.6,3.4,16.3,"(34.39734767730, -117.314392219)"
CA,Huntington Beach,636000,189992,11.1,18.2,19.6,25.4,51.3,6.1,8.0,4.8,65.8,76.7,67.7,4.7,29.1,33.1,13.2,71.9,7.4,30.9,2.2,18.0,81.9,10.4,19.6,83.5,9.8,30.4,2.2,7.1,"(33.69527490770, -118.001810806)"
CA,Indio,636448,76036,27.7,22.1,15.4,30.9,49.7,5.6,9.1,6.5,64.4,72.0,57.1,6.4,25.9,25.9,17.3,55.3,11.8,34.2,2.9,29.6,77.8,14.3,31.6,79.4,16.3,38.0,3.1,14.6,"(33.72980678370, -116.237258141)"
CA,Inglewood,636546,109673,26.3,22.0,13.8,34.3,55.8,5.2,9.9,6.5,69.3,74.1,57.6,6.2,19.8,21.4,17.4,52.3,14.8,34.5,3.1,27.9,81.5,14.5,33.6,81.6,16.5,42.4,4.1,14.6,"(33.95657480180, -118.344444926)"
CA,Irvine,636770,212375,9.0,16.4,15.9,25.7,52.1,5.6,7.2,4.2,67.1,75.4,67.5,3.7,28.7,33.2,10.1,73.8,7.2,31.2,2.0,17.2,82.7,8.6,15.6,80.9,8.3,30.6,2.0,6.0,"(33.67801089040, -117.773633283)"
CA,Lake Forest,639496,77264,11.0,17.9,19.2,25.1,50.9,5.9,7.7,4.8,66.3,76.9,67.6,4.5,28.1,31.6,11.9,72.5,7.6,30.7,2.2,17.9,82.2,9.8,19.2,84.4,9.5,30.3,2.2,8.3,"(33.66341289480, -117.670683341)"
CA,Lakewood,639892,80048,14.3,18.4,16.8,25.8,50.5,5.7,7.8,5.1,67.7,76.1,64.1,4.7,26.4,28.9,13.5,67.4,9.1,34.0,2.3,19.7,81.7,10.8,22.4,82.9,11.0,36.2,2.4,8.0,"(33.84705319410, -118.122204765)"
CA,Lancaster,640130,156633,21.5,21.6,15.8,30.0,53.3,5.8,9.2,6.6,66.6,74.1,57.2,6.9,23.3,23.2,18.2,56.4,11.9,35.1,2.8,25.5,78.2,14.1,29.3,79.9,15.5,39.3,3.5,13.5,"(34.69343470170, -118.175306356)"
CA,Livermore,641992,80968,10.8,19.4,18.5,22.9,49.6,6.2,8.1,4.9,65.1,75.6,70.1,4.7,35.3,31.1,12.8,71.9,7.5,30.7,2.2,17.2,80.5,10.3,21.0,86.0,9.8,30.6,2.2,7.8,"(37.68651013610, -121.764357841)"
CA,Long Beach,643000,462257,21.0,19.7,15.2,28.8,52.7,5.6,8.6,5.8,66.8,73.7,59.6,5.6,25.2,26.5,15.6,59.9,11.1,35.0,2.6,23.9,79.8,12.7,26.2,79.5,13.9,37.9,3.0,10.2,"(33.80601448250, -118.160894146)"
CA,Los Angeles,644000,3792621,23.4,19.8,15.1,28.9,52.3,5.4,8.5,6.0,65.9,73.0,57.5,5.7,24.3,24.9,15.6,58.2,11.7,35.4,2.7,25.1,79.1,13.0,26.7,79.1,14.7,37.5,3.1,11.3,"(34.11822778980, -118.408500088)"
CA,Lynwood,644574,69772,37.1,21.9,13.6,31.2,53.0,4.7,9.5,7.5,64.2,71.1,47.6,6.8,18.0,17.0,18.6,44.8,16.4,36.3,3.5,34.0,76.0,16.3,34.2,77.0,20.2,40.8,4.0,18.2,"(33.92396168670, -118.201648375)"
CA,Manteca,645484,67096,17.1,21.4,17.1,30.5,53.2,5.8,9.0,5.9,63.2,73.6,63.0,6.1,28.7,27.1,16.9,62.1,9.5,34.3,2.5,25.1,78.6,12.8,27.8,82.4,13.0,34.9,2.8,12.8,"(37.79619251020, -121.231230612)"
CA,Menifee,646842,77519,15.4,21.5,17.7,28.8,48.7,6.1,8.8,5.8,66.5,75.5,63.7,5.9,27.2,29.0,16.2,65.3,9.2,32.8,2.5,22.8,80.3,12.3,27.0,83.4,12.5,36.7,2.7,12.1,"(33.69095330450, -117.184876990)"
CA,Merced,646898,78958,25.0,22.7,14.1,34.5,54.1,5.5,9.7,6.8,63.6,67.4,54.2,7.3,25.5,22.7,18.5,54.2,12.4,35.3,3.0,30.2,73.8,15.0,31.6,75.4,17.0,36.0,3.5,16.3,"(37.30558632170, -120.477710571)"
CA,Milpitas,647766,66790,12.0,15.7,12.2,25.5,50.4,4.5,6.7,4.0,66.2,75.0,62.0,3.5,25.5,30.7,10.4,69.9,9.0,31.4,2.1,21.1,81.4,8.6,15.2,76.6,8.8,35.6,2.0,7.7,"(37.43386976300, -121.892083025)"
CA,Mission Viejo,648256,93305,9.4,17.7,20.2,24.8,50.8,6.2,7.8,4.6,66.5,77.4,69.6,4.3,29.9,34.2,11.9,74.9,6.9,30.5,2.1,16.2,82.9,9.6,18.8,85.6,8.9,29.5,2.0,6.5,"(33.60959768910, -117.655029608)"
CA,Modesto,648354,201165,19.5,22.3,16.4,29.5,53.5,5.9,9.3,6.3,64.3,70.7,60.6,6.8,26.9,27.3,18.0,59.5,10.4,32.7,2.7,25.6,78.1,14.0,30.0,78.9,14.7,35.5,3.1,13.7,"(37.66154782210, -120.988548061)"
CA,Moreno Valley,649270,193365,23.7,22.4,14.8,32.8,51.7,5.4,9.5,6.3,66.6,72.9,57.6,6.4,22.9,23.9,17.7,55.4,12.5,33.8,2.9,29.3,79.0,14.1,31.7,79.8,15.6,40.1,3.4,15.7,"(33.92443141120, -117.204501895)"
CA,Mountain View,649670,74066,9.4,16.6,15.7,25.7,50.0,5.6,7.3,4.2,65.9,75.8,68.0,3.6,30.0,33.4,9.4,76.3,7.3,31.2,2.1,15.7,82.9,8.4,18.4,84.0,8.2,31.0,1.9,6.0,"(37.39992523790, -122.079544343)"
CA,Murrieta,650076,103466,12.3,20.4,17.8,28.3,48.7,6.1,8.4,5.2,67.3,75.9,66.4,5.1,28.6,31.5,14.5,69.3,8.3,32.6,2.3,20.3,81.9,11.1,24.8,84.0,10.9,35.7,2.4,9.4,"(33.57197433560, -117.190921143)"
CA,Napa,650258,76915,16.6,20.8,17.8,27.0,51.1,6.1,8.8,5.7,64.0,73.7,63.8,5.9,28.5,29.9,15.5,66.3,8.8,32.0,2.5,21.6,78.3,12.3,26.1,83.4,12.4,30.9,2.6,11.1,"(38.29804246490, -122.301093331)"
CA,Newport Beach,651182,85186,7.0,17.2,20.5,25.1,51.0,6.4,7.7,4.4,66.7,77.5,71.3,3.9,31.5,35.5,10.5,78.2,6.1,30.7,2.0,13.8,83.5,8.7,17.8,86.6,7.9,27.7,1.9,5.2,"(33.61501036070, -117.867364631)"
CA,Norwalk,652526,105549,24.5,18.8,15.3,26.8,50.3,4.9,7.8,5.8,65.7,73.9,55.9,5.0,22.3,23.1,14.4,58.0,12.2,35.0,2.7,26.0,79.3,12.3,26.5,80.4,14.2,37.9,2.7,10.8,"(33.90688082280, -118.082915204)"
CA,Oakland,653000,390724,18.3,21.0,14.0,29.3,54.9,5.4,9.3,5.5,66.5,72.7,63.0,5.6,28.9,25.0,15.2,59.5,11.5,31.7,2.7,24.5,79.2,12.5,25.8,80.7,13.3,36.0,3.3,13.0,"(37.79087803500, -122.214859257)"
CA,Oceanside,653322,167086,16.7,20.6,18.0,26.4,52.0,5.9,8.5,5.7,65.6,74.4,62.8,5.8,29.3,27.3,15.3,62.0,9.8,30.9,2.6,22.6,78.5,12.4,24.4,81.8,12.2,35.4,2.7,10.8,"(33.22474574740, -117.308200285)"
CA,Ontario,653896,163924,24.6,21.4,15.5,28.8,52.2,5.2,9.0,6.2,64.4,70.4,56.5,6.1,26.0,24.0,16.2,53.8,12.3,32.8,2.8,27.1,78.2,13.6,28.4,81.2,15.5,37.5,3.1,14.8,"(34.03926494640, -117.606427103)"
CA,Orange,653980,136416,15.9,18.7,18.2,26.3,51.6,5.7,8.2,5.2,65.1,75.3,63.7,5.1,26.9,29.9,14.0,66.5,8.8,31.4,2.4,21.5,80.4,11.3,21.6,81.9,11.4,31.8,2.4,9.4,"(33.80464195670, -117.823185500)"
CA,Oxnard,654652,197899,26.9,19.7,15.3,30.7,52.8,4.9,8.7,6.2,60.3,72.9,56.2,5.7,23.2,22.5,15.5,55.3,12.2,33.9,2.9,29.2,76.9,13.5,27.8,79.6,15.3,32.5,3.0,14.4,"(34.19592377310, -119.181876570)"
CA,Palmdale,655156,152750,25.4,21.2,15.2,29.6,52.8,5.5,9.1,6.6,65.9,73.3,56.3,6.6,22.7,22.4,17.5,55.0,12.6,35.3,2.9,27.0,78.3,14.4,29.6,79.5,16.2,39.0,3.4,13.9,"(34.59448998030, -118.105772328)"
CA,Pasadena,656000,137122,15.3,18.2,16.0,27.4,51.5,5.7,7.8,5.1,67.6,74.8,63.9,4.5,26.8,28.5,12.4,67.5,9.5,34.6,2.4,19.2,82.1,10.5,23.0,82.9,11.2,35.0,2.5,7.9,"(34.15976348060, -118.138921644)"
CA,Perris,656700,68386,29.6,23.0,14.3,33.1,51.2,5.1,9.6,7.0,65.0,71.7,52.3,6.9,20.8,20.5,18.7,50.0,14.2,34.4,3.2,33.3,76.9,15.3,34.0,78.1,18.0,40.6,3.7,19.0,"(33.78973460940, -117.223291831)"
CA,Pleasanton,657792,70285,8.0,17.7,17.3,22.5,49.6,6.1,7.4,4.3,66.3,75.7,72.3,3.8,36.6,33.0,10.2,76.0,6.7,30.6,2.0,15.1,82.0,8.6,17.5,86.0,8.1,29.6,1.9,6.1,"(37.66560921710, -121.880775002)"
CA,Pomona,658072,149058,28.6,20.2,14.5,29.2,51.9,5.0,8.5,6.4,65.0,72.2,53.6,5.9,21.5,21.8,16.3,53.4,13.4,35.8,3.0,28.5,78.1,13.8,29.2,78.3,16.4,38.8,3.2,13.1,"(34.05850263660, -117.762551658)"
CA,Rancho Cucamonga,659451,165269,12.6,19.4,17.5,26.9,51.5,5.8,8.2,5.0,66.9,73.5,66.3,4.8,30.7,30.0,13.1,67.2,8.9,31.5,2.3,18.8,82.2,10.6,23.0,85.5,10.7,34.7,2.4,9.1,"(34.12458955550, -117.566175870)"
CA,Redding,659920,89861,13.1,23.2,17.7,27.1,52.5,6.5,9.8,6.1,62.1,72.8,61.8,7.2,31.9,26.1,18.6,60.8,8.6,32.4,2.5,20.7,75.1,13.6,27.1,79.9,13.3,33.7,2.9,12.6,"(40.56975912710, -122.365026322)"
CA,Redlands,659962,68747,13.3,19.9,17.3,26.8,51.5,6.1,8.5,5.1,66.2,73.0,66.1,5.1,32.3,31.2,13.7,66.6,8.5,31.7,2.3,18.9,81.4,11.2,23.2,84.3,11.1,34.0,2.4,8.7,"(34.05113153170, -117.170935294)"
CA,Redondo Beach,660018,66748,8.1,16.9,18.9,24.8,49.3,6.2,7.3,4.5,68.1,77.0,69.9,3.8,29.9,32.7,10.5,76.7,7.0,33.8,2.1,13.9,83.9,8.8,19.3,86.5,8.4,31.8,1.9,5.1,"(33.85752801590, -118.376567893)"
CA,Redwood City,660102,76815,15.8,19.1,17.1,25.3,51.7,5.8,8.0,5.0,64.8,75.7,66.1,4.6,30.3,32.4,12.4,68.6,8.5,31.1,2.4,19.9,81.4,10.6,23.7,83.7,10.7,31.5,2.3,8.3,"(37.50091452760, -122.224767617)"
CA,Rialto,660466,99171,25.9,22.3,14.9,30.7,53.6,5.2,9.6,6.6,65.2,70.5,55.7,6.6,24.5,22.2,17.3,51.0,13.4,32.7,3.0,28.6,78.2,14.5,30.8,81.2,16.5,39.0,3.5,17.2,"(34.11281580890, -117.388535978)"
CA,Richmond,660620,103701,21.1,21.6,14.0,32.3,54.9,5.3,9.5,5.9,66.0,73.7,60.9,5.9,25.2,23.9,16.2,58.0,12.1,32.3,2.8,27.3,79.8,13.2,32.5,80.3,14.4,39.7,3.4,14.6,"(37.94797103650, -122.336803759)"
CA,Riverside,662000,303871,21.2,21.9,15.6,31.1,50.4,5.7,9.1,6.1,65.7,72.8,60.0,6.2,25.6,26.7,16.9,59.1,10.8,33.8,2.7,26.7,79.2,13.3,29.4,80.3,14.5,38.0,3.0,13.5,"(33.93812516850, -117.394845824)"
CA,Roseville,662938,118788,10.2,19.9,19.0,26.1,51.3,6.3,8.5,5.0,65.5,76.4,67.1,5.0,32.3,33.0,13.9,72.3,7.5,32.4,2.2,17.7,80.3,10.8,22.6,84.6,10.2,31.3,2.3,8.1,"(38.76575161820, -121.302847708)"
CA,Sacramento,664000,466488,17.6,21.2,14.9,31.9,55.4,5.5,9.3,5.9,63.9,72.2,60.6,6.3,26.9,26.3,17.9,58.2,11.1,31.5,2.7,24.1,79.8,13.2,27.3,79.4,13.9,34.6,3.1,14.0,"(38.56663215670, -121.468299801)"
CA,Salinas,664224,150441,30.5,21.1,15.4,30.1,52.6,5.1,9.0,6.6,62.3,68.4,53.5,6.4,24.2,22.8,17.6,51.5,12.8,35.9,3.0,30.1,74.7,14.8,29.8,78.1,16.9,35.4,3.2,15.0,"(36.68891743210, -121.631811961)"
CA,San Bernardino,665000,209924,29.0,23.9,14.0,32.5,55.1,5.4,10.3,7.3,64.0,68.4,51.8,8.0,24.4,21.3,20.0,46.3,14.2,33.7,3.1,31.5,75.3,16.3,32.2,76.9,19.0,39.9,4.0,19.3,"(34.13923228440, -117.295272732)"
CA,San Buenaventura (Ventura),665042,106433,13.5,19.2,18.3,28.8,52.0,6.1,8.5,5.3,62.0,75.6,66.4,5.2,28.9,29.3,13.7,68.9,8.1,32.9,2.4,19.6,80.1,11.2,23.5,84.5,11.0,29.0,2.4,9.0,"(34.27436102060, -119.231436551)"
CA,San Diego,666000,1307402,14.8,19.2,17.3,26.7,52.6,5.7,8.0,5.2,66.4,74.1,64.2,4.9,29.9,28.4,13.1,64.9,9.5,30.9,2.4,21.0,79.9,11.0,22.2,81.5,11.0,34.6,2.5,9.3,"(32.83556394180, -117.119792061)"
CA,San Francisco,667000,805235,11.7,17.5,16.6,25.9,50.5,5.2,7.7,4.7,62.4,75.3,62.2,4.3,27.7,28.8,12.8,68.6,8.9,31.4,2.2,20.1,78.9,9.8,18.4,79.1,10.1,33.6,2.3,9.2,"(37.75591366110, -122.440987876)"
CA,San Jose,668000,945942,15.7,17.7,14.1,26.6,50.8,5.1,7.8,4.8,64.9,74.5,62.0,4.4,26.8,29.8,12.2,67.6,9.4,31.7,2.4,21.7,80.5,10.3,20.5,79.5,10.7,34.6,2.3,9.0,"(37.30039631760, -121.847228423)"
CA,San Leandro,668084,84950,15.8,19.5,14.2,25.2,52.1,5.3,8.2,5.0,65.8,73.7,63.5,4.9,30.8,27.1,13.9,63.0,9.8,31.3,2.4,23.4,78.8,11.1,21.4,80.0,11.5,35.1,2.6,10.4,"(37.70742992620, -122.159061655)"
CA,San Marcos,668196,83781,17.0,20.5,17.6,26.2,51.9,5.9,8.4,5.7,65.5,74.0,62.5,5.8,29.1,26.8,14.7,62.3,9.7,31.0,2.6,22.6,78.3,12.2,23.7,81.4,12.3,34.9,2.7,11.3,"(33.13496598600, -117.174363098)"
CA,San Mateo,668252,97207,12.2,18.3,16.9,24.5,51.3,5.7,7.6,4.6,65.6,76.7,67.3,4.1,30.5,33.4,11.3,71.6,7.9,30.7,2.2,18.3,82.1,9.6,21.1,83.5,9.4,31.4,2.1,7.4,"(37.55182268930, -122.312390346)"
CA,San Ramon,668378,72148,6.8,16.6,16.4,25.4,50.4,5.7,7.0,4.0,67.1,76.7,71.8,3.3,32.8,34.0,8.9,78.6,6.6,31.2,1.9,14.8,83.7,7.8,19.3,85.5,7.3,32.0,1.7,5.1,"(37.76237054620, -121.938150371)"
CA,Santa Ana,669000,324528,31.8,20.0,15.2,28.6,52.6,4.7,8.8,6.3,62.6,72.2,51.3,6.0,20.8,22.5,17.1,50.6,13.4,32.8,3.0,32.5,76.1,14.5,26.9,75.8,16.9,35.7,3.1,14.9,"(33.73669484190, -117.881890237)"
CA,Santa Barbara,669070,88410,15.6,19.6,17.2,27.1,51.2,6.0,8.5,5.3,62.1,73.5,65.2,5.1,30.5,31.3,13.5,68.7,8.5,31.1,2.4,19.0,80.1,11.3,23.7,83.7,11.4,31.2,2.4,8.7,"(34.42857338740, -119.720187334)"
CA,Santa Clara,669084,116468,10.4,16.9,14.4,25.9,50.3,5.4,7.3,4.4,65.9,75.4,65.5,3.9,28.8,31.8,10.3,73.5,8.1,31.3,2.2,17.8,82.0,8.9,18.1,81.4,8.9,32.9,2.0,7.2,"(37.36461975040, -121.967932117)"
CA,Santa Clarita,669088,176320,13.8,18.6,18.1,25.3,49.8,6.1,7.9,5.2,66.9,76.1,65.9,4.8,27.9,30.0,13.5,69.4,8.4,34.0,2.3,18.2,81.9,10.8,22.7,84.4,10.9,34.4,2.3,7.6,"(34.41190391850, -118.503504698)"
CA,Santa Maria,669196,99553,30.9,22.0,14.5,29.4,52.5,5.4,9.6,6.8,59.5,70.3,53.5,7.1,24.6,24.3,18.3,52.3,12.6,32.3,3.0,30.0,74.8,15.3,29.3,76.9,17.5,35.9,3.3,16.7,"(34.93337357570, -120.443326954)"
CA,Santa Monica,670000,89736,8.7,17.6,18.1,25.8,50.2,6.3,7.6,4.7,67.8,76.3,68.7,4.0,29.8,31.7,10.7,75.3,7.2,34.1,2.1,14.2,83.3,9.2,20.3,85.9,8.9,31.6,2.1,5.4,"(34.02318916120, -118.481563937)"
CA,Santa Rosa,670098,167815,15.5,20.2,16.7,26.3,50.9,6.2,8.8,5.4,61.3,74.1,64.5,5.6,30.5,31.1,15.1,66.6,8.5,30.7,2.3,20.1,80.5,12.2,23.2,83.4,11.9,31.0,2.5,9.3,"(38.44644231020, -122.706005935)"
CA,Simi Valley,672016,124237,11.4,18.6,18.5,27.8,51.5,6.0,8.2,5.0,62.6,76.6,67.7,4.9,28.7,29.8,13.2,70.9,7.7,32.4,2.3,18.8,80.9,10.6,21.6,84.7,10.1,29.0,2.2,8.8,"(34.26624628570, -118.748980462)"
CA,South Gate,673080,94396,35.7,20.3,14.6,28.0,50.5,4.6,8.6,6.9,63.5,71.9,49.0,5.8,19.8,18.5,16.5,48.9,15.0,35.9,3.2,31.9,76.5,14.9,31.8,78.9,18.6,38.7,3.2,14.4,"(33.94473226640, -118.192550525)"
CA,Stockton,675000,291707,23.4,22.0,13.6,33.9,56.0,5.2,9.4,6.4,63.2,70.7,56.4,6.7,25.4,23.4,18.0,53.5,12.1,35.5,2.8,31.0,76.3,14.1,29.4,76.2,15.7,38.0,3.4,16.4,"(37.97663226790, -121.311121669)"
CA,Sunnyvale,677000,140081,10.0,16.2,14.1,25.4,50.0,5.3,7.0,4.2,66.2,75.6,66.9,3.5,29.8,33.5,9.3,75.0,7.6,31.1,2.1,16.9,82.7,8.2,16.9,81.7,8.2,32.2,1.9,6.1,"(37.38344165660, -122.025624324)"
CA,Temecula,678120,100097,11.9,20.1,18.0,28.2,48.5,6.1,8.3,5.1,67.2,75.8,66.7,5.0,28.6,31.5,14.3,69.9,8.2,32.6,2.3,19.9,82.0,10.9,24.3,84.1,10.6,35.4,2.3,9.0,"(33.50299808840, -117.122390280)"
CA,Thousand Oaks,678582,126683,10.0,18.0,18.6,27.6,51.5,6.2,8.0,4.7,63.0,76.7,69.9,4.4,30.4,31.6,11.8,73.7,6.9,32.3,2.1,16.8,81.8,9.8,20.4,85.6,9.2,27.6,2.1,7.4,"(34.19177456550, -118.874888411)"
CA,Torrance,680000,145438,10.6,16.6,15.7,24.9,50.0,5.5,6.9,4.4,68.2,75.8,65.9,3.8,27.7,31.1,11.0,72.0,8.0,34.1,2.1,17.4,82.9,9.0,17.7,81.7,9.0,34.8,2.0,6.1,"(33.83459854640, -118.341641983)"
CA,Tracy,680238,82922,16.0,20.2,16.5,30.2,53.2,5.5,8.5,5.5,64.2,74.0,63.6,5.4,27.7,26.9,15.2,63.7,9.6,34.0,2.5,24.5,79.7,11.8,26.1,82.6,12.1,35.1,2.7,12.0,"(37.72432773750, -121.444621463)"
CA,Turlock,680812,68549,18.1,21.8,17.1,28.4,52.7,6.0,9.1,6.1,64.5,71.5,62.1,6.5,27.7,28.5,17.1,62.1,9.8,32.4,2.6,24.1,78.7,13.3,28.8,80.4,13.8,34.5,2.9,12.9,"(37.50521582710, -120.858762412)"
CA,Tustin,680854,75540,16.9,18.2,16.5,26.6,52.2,5.5,8.0,5.0,65.5,74.8,62.7,4.9,26.4,29.7,13.3,65.7,9.1,31.5,2.3,22.4,80.5,11.0,20.5,80.1,11.4,32.3,2.4,9.4,"(33.73085203260, -117.810730968)"
CA,Union City,681204,69516,14.0,17.4,12.8,24.2,51.3,4.7,7.2,4.4,66.1,73.2,63.2,3.9,29.7,27.4,11.8,65.2,9.7,31.5,2.2,22.9,79.5,9.6,17.3,78.3,10.1,35.0,2.2,8.9,"(37.60283908120, -122.018966106)"
CA,Upland,681344,73732,15.6,20.3,16.6,27.5,52.1,5.9,8.6,5.3,66.0,72.1,64.4,5.4,31.2,29.6,14.3,63.5,9.3,32.0,2.4,20.8,80.8,11.7,24.5,83.3,12.0,35.2,2.6,9.9,"(34.11784457010, -117.660290062)"
CA,Vacaville,681554,92428,12.8,21.0,19.0,28.2,52.9,6.0,8.6,5.6,64.6,75.2,66.4,5.4,28.7,30.7,15.6,67.1,8.9,31.9,2.4,19.8,79.2,11.5,26.2,83.1,11.3,33.5,2.6,10.3,"(38.35972350630, -121.969030460)"
CA,Vallejo,681666,115942,16.3,21.3,14.5,31.0,55.8,5.3,8.9,5.5,65.7,73.1,60.8,5.7,25.2,26.6,15.8,60.3,11.1,32.6,2.6,24.6,77.9,12.2,26.6,77.3,12.8,36.9,3.0,13.1,"(38.11353292470, -122.235518478)"
CA,Victorville,682590,115903,22.8,23.2,15.1,31.5,54.4,5.6,9.9,6.8,64.9,70.1,55.4,7.5,25.8,23.0,19.1,51.2,12.7,33.1,2.9,27.8,77.0,14.9,30.4,79.6,16.6,39.2,3.6,16.8,"(34.52776911030, -117.353855136)"
CA,Visalia,682954,124442,19.4,21.1,16.3,28.9,52.5,5.9,9.0,6.1,64.7,69.2,58.5,6.4,27.5,26.7,15.7,63.8,10.2,32.9,2.6,25.1,76.6,13.2,29.4,81.8,14.1,32.8,2.9,12.8,"(36.32706231570, -119.325273214)"
CA,Vista,682996,93834,21.1,21.4,17.4,27.1,52.2,5.8,8.8,6.2,64.6,73.4,59.9,6.5,28.0,25.4,16.6,57.4,10.8,31.4,2.7,25.4,76.9,13.5,26.3,80.3,14.0,36.2,2.9,12.8,"(33.18954819780, -117.238607217)"
CA,West Covina,684200,106098,18.8,17.4,14.8,25.9,50.2,4.9,7.2,5.0,67.1,74.5,59.7,4.2,24.1,26.3,12.3,63.8,10.6,34.6,2.4,22.8,81.2,10.5,22.3,80.4,11.7,37.1,2.4,8.7,"(34.05544151740, -117.911282060)"
CA,Westminster,684550,89701,19.5,18.6,13.5,27.6,53.3,4.9,7.9,5.2,64.6,72.9,54.9,5.5,22.6,26.2,15.8,57.3,10.8,32.4,2.4,28.7,77.1,12.0,18.4,70.4,12.9,36.2,2.7,12.2,"(33.75215237690, -117.993760054)"
CA,Whittier,685292,85331,20.2,18.4,17.1,25.5,49.2,5.4,7.6,5.4,66.2,75.0,61.8,4.6,26.0,26.9,12.9,64.9,10.3,34.5,2.5,21.5,81.2,11.3,25.7,84.3,12.4,35.2,2.4,8.4,"(33.96782555960, -118.018796341)"
CO,Arvada,803455,106433,11.8,21.6,20.4,23.8,51.4,5.9,8.5,4.5,60.3,76.2,65.9,4.5,41.6,36.2,16.5,69.3,5.8,29.2,2.2,14.4,73.3,9.3,20.0,84.5,8.9,26.6,2.2,9.7,"(39.83082632930, -105.146327974)"
CO,Aurora,804000,325078,18.9,23.0,16.5,28.1,53.7,5.7,9.0,5.0,61.2,73.2,61.1,5.3,38.1,31.6,18.2,60.9,8.4,30.7,2.5,19.9,71.5,10.9,25.8,80.5,11.5,33.2,2.8,14.9,"(39.70915947810, -104.726526621)"
CO,Boulder,807850,97385,10.6,20.7,17.6,23.1,52.4,6.0,8.6,4.4,58.9,75.1,65.9,4.1,39.2,37.7,12.1,73.1,5.4,29.3,2.0,11.6,75.4,8.7,16.6,84.2,8.8,25.4,2.2,8.4,"(40.02755104940, -105.251517760)"
CO,Centennial,812815,100377,8.4,20.0,19.8,23.7,50.5,6.1,7.7,3.9,62.2,76.5,70.0,3.6,44.5,38.6,12.7,75.4,5.4,29.5,1.9,12.2,76.0,7.9,19.3,86.2,7.3,27.9,1.9,7.7,"(39.59287207300, -104.867986891)"
CO,Colorado Springs,816000,416427,13.9,23.4,15.2,27.5,54.6,6.0,8.5,4.9,65.0,73.6,66.4,4.9,38.2,33.9,17.2,65.3,7.1,32.5,2.4,17.0,73.7,10.0,23.3,81.6,10.1,30.0,2.5,12.4,"(38.86727480770, -104.760664479)"
CO,Denver,820000,600158,17.8,20.8,19.9,27.3,51.8,5.7,8.8,4.9,59.2,73.8,62.6,4.8,36.7,30.9,17.0,63.1,7.7,31.6,2.4,16.7,73.7,10.1,19.7,81.3,11.1,28.1,2.7,13.0,"(39.76202837430, -104.876365322)"
CO,Fort Collins,827425,143986,11.4,21.6,18.0,23.9,52.0,6.0,8.8,4.6,62.8,73.5,65.8,4.6,37.2,31.7,14.7,68.0,6.1,30.6,2.2,14.5,74.2,9.4,20.1,83.1,9.5,24.5,2.3,9.5,"(40.54877589240, -105.065904872)"
CO,Greeley,832155,92889,20.7,23.6,16.1,28.1,53.5,5.6,9.0,5.3,56.5,70.2,58.9,5.6,35.8,28.6,18.6,57.7,7.9,29.1,2.6,22.1,69.5,11.4,27.0,79.2,12.1,31.7,2.7,15.0,"(40.41413695210, -104.771170982)"
CO,Lakewood,843000,142980,14.4,21.9,19.4,24.6,52.0,5.8,8.6,4.6,60.0,75.3,63.9,4.7,41.0,35.1,16.8,66.5,6.4,29.6,2.3,15.7,72.4,9.7,20.9,83.2,9.7,27.1,2.3,10.4,"(39.69767344620, -105.116965444)"
CO,Longmont,845970,86270,15.3,21.9,17.6,22.5,51.7,5.9,8.9,4.9,58.4,75.8,62.2,4.9,36.4,35.3,14.5,68.2,6.4,29.0,2.2,14.8,73.1,10.0,18.2,83.5,10.5,27.2,2.5,12.2,"(40.16951647080, -105.101951060)"
CO,Loveland,846465,66859,11.6,21.9,18.9,22.9,51.2,6.0,8.8,4.6,62.8,74.8,66.0,4.8,37.0,32.2,15.7,67.9,6.0,30.1,2.2,15.1,74.2,9.6,20.1,83.9,9.5,24.8,2.3,10.1,"(40.41656937580, -105.061758435)"
CO,Pueblo,862000,106595,24.4,24.9,14.5,29.7,54.3,5.5,9.1,5.7,62.5,67.3,53.8,5.8,32.3,31.1,20.5,55.3,9.6,34.2,2.7,23.8,70.7,12.0,30.6,77.9,13.5,35.0,3.0,15.0,"(38.27339572510, -104.612001218)"
CO,Thornton,877290,118772,16.6,21.8,17.5,26.0,49.2,5.9,8.6,4.8,58.7,72.4,63.3,4.9,35.6,32.9,18.5,66.4,7.5,30.9,2.4,18.2,73.8,10.0,25.1,82.4,10.2,31.1,2.4,14.4,"(39.91939941880, -104.944956758)"
CO,Westminster,883835,106114,13.6,21.5,18.7,25.1,50.1,5.9,8.5,4.6,59.6,74.0,65.1,4.6,38.2,34.5,17.0,68.6,6.7,30.2,2.2,16.1,74.1,9.4,22.3,83.4,9.4,28.9,2.3,12.6,"(39.88385114750, -105.062645316)"
CT,Bridgeport,908000,144229,23.0,23.7,14.4,34.4,60.5,5.6,10.5,6.5,66.2,76.3,59.4,7.1,27.3,30.2,22.6,56.9,12.5,31.4,3.1,29.7,77.9,14.3,32.5,80.4,14.0,40.6,3.7,16.5,"(41.19280542330, -73.1960546940)"
CT,Danbury,918430,80893,15.4,21.2,17.2,28.3,56.1,6.3,9.1,5.5,64.8,78.1,66.3,5.8,32.6,36.9,19.2,68.0,8.5,30.7,2.4,22.6,79.3,11.8,25.1,83.2,10.4,35.4,2.6,11.2,"(41.40158986060, -73.4709386820)"
CT,Hartford,937000,124775,24.4,26.6,12.3,39.5,65.1,5.3,12.1,7.2,70.9,74.4,56.5,8.0,24.2,25.0,21.6,55.3,15.5,36.5,3.5,33.8,79.0,15.9,38.6,80.5,16.9,42.0,4.4,24.9,"(41.76607064190, -72.6834012389)"
CT,New Britain,950370,73206,18.3,24.7,14.7,33.4,61.8,6.2,10.8,6.4,69.3,75.9,62.2,7.2,29.4,31.3,19.7,64.5,11.1,35.9,2.8,27.7,79.4,14.0,32.4,83.0,13.7,37.4,3.2,18.7,"(41.67592265400, -72.7861630705)"
CT,New Haven,952000,129779,17.4,25.2,12.9,35.8,61.5,5.8,11.1,6.2,70.5,75.8,64.2,6.8,31.3,32.0,19.6,64.4,12.3,32.8,2.9,28.1,81.9,13.4,35.3,82.3,13.1,42.6,3.7,16.6,"(41.31138693920, -72.9247595793)"
CT,Norwalk,955990,85603,12.9,20.2,17.6,28.8,56.9,6.3,8.7,5.0,66.3,78.6,69.1,4.9,33.7,38.7,16.4,71.9,8.1,30.4,2.3,19.8,81.4,10.4,24.6,85.6,9.0,34.4,2.4,9.2,"(41.11756316820, -73.4224513123)"
CT,Stamford,973000,122643,13.3,20.1,17.1,29.2,57.1,6.2,8.6,5.0,66.2,78.1,68.8,4.9,33.7,38.3,16.0,71.5,8.2,30.6,2.3,20.0,81.4,10.3,24.2,85.1,9.1,34.3,2.4,9.4,"(41.10491450130, -73.5589363142)"
CT,Waterbury,980000,110366,19.0,25.6,13.8,32.6,59.6,6.1,11.2,6.5,68.5,76.2,63.1,7.5,32.1,33.3,21.9,63.6,11.2,32.8,2.8,29.0,79.9,14.5,34.5,81.1,13.7,41.9,3.4,16.5,"(41.55824432660, -73.0361298320)"
DE,Wilmington,1077580,70851,18.3,26.2,14.7,39.4,68.5,5.7,11.0,6.5,74.4,75.5,62.0,7.2,28.8,30.4,24.6,54.6,13.8,34.2,3.6,31.4,82.5,14.4,39.3,84.4,14.8,44.2,4.2,19.9,"(39.74127482270, -75.5418960925)"
DC,Washington,1150000,601723,9.9,21.4,20.3,31.2,59.3,5.7,10.2,4.8,72.0,80.0,66.9,5.1,31.5,28.7,18.0,69.2,10.0,32.4,2.6,20.5,79.9,10.9,25.4,86.0,9.8,35.2,3.5,11.7,"(38.90992414260, -77.0147205666)"
FL,Boca Raton,1207300,84392,15.0,20.9,18.9,29.1,60.1,6.7,7.7,5.3,71.6,77.4,71.5,5.2,38.0,34.4,15.1,71.9,7.3,35.3,2.6,17.6,80.2,10.7,20.9,85.0,9.6,34.8,2.2,7.6,"(26.37490127150, -80.1078208861)"
FL,Boynton Beach,1207875,68217,22.3,24.0,16.4,33.6,63.5,6.4,9.2,6.4,72.8,77.3,64.7,7.3,33.8,29.9,20.6,60.4,10.3,35.6,3.2,24.5,77.3,13.8,26.7,81.3,13.2,40.7,3.2,12.8,"(26.52798180520, -80.0814660417)"
FL,Cape Coral,1210275,154305,20.1,24.1,19.5,28.2,58.4,6.6,8.5,6.2,70.3,74.8,64.7,6.8,34.4,33.0,20.6,62.3,8.6,34.0,2.8,20.8,80.1,13.0,25.5,80.5,11.8,34.0,2.7,12.7,"(26.64485449930, -81.9931108298)"
FL,Clearwater,1212875,107685,21.2,24.5,20.0,30.9,60.5,6.6,8.9,6.4,69.8,75.1,64.7,7.3,35.1,34.2,22.6,57.4,9.2,34.9,2.8,21.9,77.8,13.6,28.5,79.0,12.7,37.3,2.9,14.7,"(27.98059979190, -82.7544099135)"
FL,Coral Springs,1214400,121096,18.2,21.9,18.1,27.6,60.0,6.1,8.1,5.6,73.9,77.0,67.2,5.7,31.4,29.0,15.5,67.6,8.9,32.3,2.9,20.4,81.0,11.6,24.1,83.0,10.5,36.2,2.6,10.1,"(26.27017001580, -80.2592221493)"
FL,Davie,1216475,91992,19.3,21.7,18.4,26.7,58.8,6.2,7.9,5.6,72.8,76.4,66.5,5.7,31.9,29.5,15.6,67.5,8.7,32.5,2.9,20.5,80.4,11.7,23.7,82.3,10.6,35.3,2.5,9.9,"(26.07893407780, -80.2869750311)"
FL,Deerfield Beach,1216725,75018,24.3,24.8,16.8,30.7,62.2,6.3,9.4,6.7,72.9,75.6,61.3,7.9,29.6,26.4,21.3,57.8,10.6,33.1,3.3,25.7,77.6,14.7,28.4,78.4,13.9,39.3,3.4,14.2,"(26.30499664130, -80.1277706584)"
FL,Deltona,1217200,85182,23.7,24.4,19.2,32.2,59.3,6.2,9.0,6.7,70.3,74.6,62.8,7.5,33.9,28.5,23.0,56.4,10.9,35.8,3.1,25.9,74.9,14.0,27.3,78.4,13.3,37.1,3.0,14.8,"(28.90506004800, -81.2134269839)"
FL,Fort Lauderdale,1224000,165521,22.0,23.4,17.5,31.2,62.6,6.2,9.0,6.4,73.6,75.6,64.6,7.0,31.4,28.6,19.2,61.2,10.2,33.0,3.2,23.2,79.9,13.5,27.5,80.3,12.5,38.3,3.2,12.1,"(26.14182051740, -80.1471225502)"
FL,Gainesville,1225175,124354,20.4,25.2,16.3,33.2,63.3,6.3,9.3,6.4,70.5,75.4,64.7,7.4,34.4,28.9,19.7,58.2,10.1,31.8,3.0,22.6,76.1,13.7,27.9,77.0,13.2,36.2,3.3,13.4,"(29.68170274310, -82.3452782660)"
FL,Hialeah,1230000,224669,42.8,21.4,14.2,30.0,59.9,4.5,7.8,7.1,69.5,70.4,51.2,5.8,21.5,19.5,17.6,52.3,14.7,35.9,3.9,34.7,75.0,14.6,32.2,75.9,16.9,36.7,3.1,15.3,"(25.86962694800, -80.3045294666)"
FL,Hollywood,1232000,140768,24.3,23.0,17.3,29.0,60.6,6.0,8.5,6.2,72.7,75.3,62.8,6.5,30.3,27.3,17.9,61.4,10.2,33.1,3.2,24.0,79.0,13.1,26.8,80.4,12.5,37.5,2.9,11.8,"(26.02870257030, -80.1683976059)"
FL,Jacksonville,1235000,821784,20.2,25.3,17.4,33.0,64.3,6.3,9.2,6.4,70.6,75.9,65.4,7.4,31.5,29.1,21.1,57.7,10.6,34.8,3.2,25.5,78.7,13.8,30.6,78.6,12.9,37.8,3.4,16.0,"(30.33198201390, -81.6752266207)"
FL,Lakeland,1238250,97422,22.7,25.4,16.7,34.9,62.9,6.4,9.7,6.9,70.6,75.0,61.9,8.2,32.6,29.9,21.9,56.8,10.7,33.7,3.1,26.0,75.9,14.7,31.2,77.2,13.8,37.8,3.4,16.3,"(28.05584826640, -81.9539536462)"
FL,Largo,1239425,77648,20.3,25.1,20.2,30.2,59.7,6.7,9.0,6.6,69.3,75.4,63.5,7.8,34.3,33.2,23.9,56.7,9.0,35.0,2.8,22.3,76.5,14.0,28.0,78.0,13.0,37.5,2.9,16.1,"(27.90909077340, -82.7714203383)"
FL,Lauderhill,1239550,66887,27.0,26.6,13.5,38.2,66.7,5.6,10.9,6.9,77.8,76.1,60.9,8.3,25.3,23.2,22.6,51.1,14.1,32.5,4.0,29.4,80.5,16.0,34.7,79.2,15.3,45.8,4.5,17.9,"(26.16055841870, -80.2241278263)"
FL,Melbourne,1243975,76068,18.2,24.8,20.5,29.4,59.6,6.6,8.9,6.2,70.4,74.8,64.9,7.2,33.5,31.2,21.6,61.3,9.0,34.1,2.8,22.7,79.2,13.2,25.0,80.6,12.0,37.8,2.9,14.6,"(28.11588057820, -80.6508814613)"
FL,Miami,1245000,399457,37.0,22.2,14.3,32.4,62.3,4.8,8.5,7.2,71.1,71.2,53.2,6.6,22.0,20.3,18.9,53.6,14.4,35.6,3.9,32.8,75.7,14.8,32.1,76.3,16.6,37.4,3.6,16.7,"(25.78229589700, -80.2215647762)"
FL,Miami Beach,1245025,87779,23.9,19.7,17.0,28.5,59.3,5.5,7.4,6.0,71.3,73.4,62.2,5.2,27.3,26.4,15.1,66.6,10.3,34.7,3.1,23.4,79.0,11.6,25.8,81.1,11.8,32.8,2.5,10.0,"(25.81671016140, -80.1341952652)"
FL,Miami Gardens,1245060,107167,28.9,24.6,12.9,38.4,66.6,5.1,10.3,6.9,77.4,75.2,60.7,7.3,21.1,22.2,21.9,53.0,14.6,33.5,4.0,31.4,80.9,15.3,35.5,80.1,15.2,43.7,4.4,18.3,"(25.94326338710, -80.2425332162)"
FL,Miramar,1245975,122041,21.0,21.7,16.2,31.3,62.3,5.2,8.3,5.5,76.5,77.1,66.3,5.1,27.6,26.2,14.6,64.5,11.3,31.9,3.5,22.4,83.3,11.5,27.5,84.5,10.9,39.6,3.0,11.1,"(25.97732882330, -80.3357316003)"
FL,Orlando,1253000,238300,22.9,24.4,16.8,33.2,61.7,5.9,9.2,6.5,70.5,74.6,63.9,7.0,27.3,30.0,18.9,57.9,11.2,33.5,3.4,26.3,79.8,13.5,28.6,79.2,13.2,36.0,3.4,16.2,"(28.48006467710, -81.3452411179)"
FL,Palm Bay,1254000,103190,21.1,25.5,19.6,30.7,60.4,6.3,9.3,6.5,70.7,74.5,63.2,7.6,31.5,29.4,23.1,57.6,10.1,34.2,3.0,24.9,78.9,14.1,27.0,79.8,13.0,39.5,3.1,16.0,"(27.98382552490, -80.6666722846)"
FL,Palm Coast,1254200,75180,19.5,24.8,18.5,30.1,60.9,6.5,9.0,6.4,69.6,75.7,65.2,7.3,36.3,28.7,20.8,60.7,9.3,33.3,3.0,23.2,78.7,13.7,26.1,79.3,12.5,35.6,2.9,14.0,"(29.54055909760, -81.2508206143)"
FL,Pembroke Pines,1255775,154750,19.8,21.1,17.6,27.6,59.5,5.7,7.7,5.5,74.5,77.1,66.3,5.1,29.6,26.9,13.8,67.6,9.8,32.1,3.1,21.0,81.8,11.0,24.7,84.5,10.5,36.5,2.5,11.0,"(26.01273875340, -80.3384522664)"
FL,Plantation,1257425,84955,16.5,21.5,18.3,27.6,59.9,6.2,8.0,5.4,74.4,77.5,68.7,5.3,32.3,30.4,14.6,69.5,8.5,32.0,2.9,19.0,81.9,11.1,23.7,84.2,9.9,35.7,2.5,9.1,"(26.12598539230, -80.2616762465)"
FL,Pompano Beach,1258050,99845,26.8,24.7,16.5,31.7,62.9,6.2,9.4,6.8,72.9,74.9,61.8,8.0,30.1,27.1,21.8,55.9,10.9,33.3,3.4,26.6,78.1,15.0,29.4,78.0,14.3,40.0,3.5,14.1,"(26.24283356990, -80.1312451610)"
FL,Port St. Lucie,1258715,164603,21.1,24.0,18.8,31.0,61.7,6.3,9.0,6.4,70.9,76.7,65.3,7.2,33.1,31.0,21.2,60.3,9.6,34.4,3.1,23.4,78.8,13.7,27.3,79.5,12.6,37.1,3.0,14.2,"(27.28086803080, -80.3832154574)"
FL,St. Petersburg,1263000,244769,19.2,24.7,19.5,32.4,61.8,6.5,9.1,6.4,71.3,75.9,65.0,7.2,34.3,33.3,22.3,57.8,9.7,34.6,2.9,21.5,78.7,13.4,29.0,79.9,12.4,38.3,3.1,15.2,"(27.79289497100, -82.6650743239)"
FL,Sunrise,1269700,84439,21.4,23.0,16.9,29.9,61.7,5.8,8.7,6.0,74.8,76.9,63.9,6.3,28.7,26.1,17.2,62.6,10.6,32.3,3.3,23.5,80.4,12.7,27.1,82.2,12.0,38.9,3.0,12.8,"(26.15468783030, -80.2998411020)"
FL,Tallahassee,1270600,181376,19.3,24.3,17.4,31.7,64.5,6.3,9.4,5.9,72.2,77.8,68.6,6.7,36.1,33.1,18.9,63.5,9.9,33.4,3.1,21.7,80.2,13.2,28.7,80.9,12.1,36.6,3.2,12.1,"(30.45489512110, -84.2526459938)"
FL,Tampa,1271000,335709,22.6,23.7,17.5,36.3,63.7,6.0,9.3,6.5,70.8,74.9,62.5,7.1,31.1,29.8,19.9,56.1,11.5,34.2,3.2,23.3,77.6,13.7,30.6,79.6,13.4,37.9,3.4,16.7,"(27.99619804100, -82.4450349799)"
FL,West Palm Beach,1276600,99919,24.0,23.6,16.1,34.4,63.5,6.1,9.0,6.5,72.6,76.5,64.6,7.0,32.9,28.4,19.5,59.9,11.0,35.8,3.3,24.9,78.0,13.5,27.2,81.4,13.4,40.6,3.3,13.3,"(26.74787146550, -80.1337397544)"
GA,Albany,1301052,77434,29.5,29.5,10.9,45.7,69.3,5.7,11.6,7.2,75.8,72.8,60.0,9.2,29.1,25.6,23.7,48.5,15.9,35.5,3.8,33.1,78.7,16.2,40.4,78.6,17.4,46.9,5.0,25.5,"(31.57760367660, -84.1763240815)"
GA,Athens,1303440,115452,23.2,25.9,13.2,36.6,65.6,5.9,9.6,6.4,72.3,73.8,61.5,7.4,32.3,29.0,18.9,58.1,12.3,35.6,3.3,26.5,77.9,13.5,32.2,79.4,14.0,38.5,3.6,18.3,"(33.95081706830, -83.3689417445)"
GA,Atlanta,1304000,420003,19.7,23.5,14.1,36.1,63.9,5.7,9.4,6.1,76.2,78.1,63.3,6.5,29.7,28.1,16.6,62.6,13.5,31.7,3.4,22.4,80.7,12.0,31.6,84.2,12.8,40.4,4.1,19.2,"(33.76265246830, -84.4231419055)"
GA,Augusta,1304204,195844,24.2,27.6,12.5,41.9,66.9,5.8,10.2,6.7,75.7,74.6,62.7,8.0,32.4,26.6,21.8,53.4,14.4,33.5,3.5,28.1,79.9,14.3,36.0,81.9,14.9,44.1,4.2,22.8,"(33.36445615270, -82.0708396775)"
GA,Columbus,1319000,189885,22.5,26.4,13.5,38.7,66.0,5.8,9.8,6.3,73.5,76.0,62.3,7.3,28.6,31.2,20.3,58.6,13.3,33.5,3.4,25.8,79.7,13.4,33.2,82.2,13.8,42.9,3.8,19.4,"(32.50996148520, -84.8770410586)"
GA,Johns Creek,1342425,76728,10.4,18.1,15.8,25.8,57.3,5.9,6.8,4.2,75.1,80.1,71.3,3.7,37.9,39.4,10.1,78.6,7.4,30.7,2.4,14.1,82.4,7.8,19.0,86.6,7.3,32.9,1.9,7.2,"(34.03329919980, -84.2027195506)"
GA,Macon,1349000,91351,30.0,29.9,11.2,44.0,69.2,5.6,11.8,7.4,74.3,73.0,57.9,9.6,29.2,22.9,25.9,45.9,16.6,37.3,3.8,34.5,76.0,16.6,42.9,77.0,18.2,46.0,5.2,28.5,"(32.83204176920, -83.6495823768)"
GA,Roswell,1367284,88346,15.3,19.7,16.9,26.8,57.9,6.2,7.5,4.7,74.1,79.5,70.6,4.4,38.3,38.6,12.2,74.8,7.9,30.9,2.6,15.7,81.5,9.3,23.3,87.1,8.8,33.4,2.1,8.2,"(34.03913845830, -84.3512225277)"
GA,Sandy Springs,1368516,93853,14.6,20.1,15.8,28.3,59.5,6.2,7.8,4.8,75.0,79.3,70.1,4.6,38.4,37.7,12.3,74.0,8.2,31.1,2.7,15.9,81.4,9.4,24.2,86.8,9.0,34.3,2.3,8.6,"(33.93666698670, -84.3703197084)"
GA,Savannah,1369000,136286,23.5,26.9,13.5,39.1,67.3,5.7,10.3,6.5,73.7,76.1,62.5,7.6,28.5,25.9,21.0,54.3,14.0,37.0,3.5,26.9,77.5,13.9,36.0,81.5,14.5,44.6,4.2,22.0,"(32.02836151570, -81.1783435493)"
GA,Warner Robins,1380508,66588,21.7,26.7,13.3,37.8,64.8,5.9,9.6,6.5,75.1,75.9,62.9,7.6,33.4,27.7,19.3,57.7,12.5,35.0,3.3,26.9,79.1,13.3,33.6,81.9,13.7,40.7,3.6,20.1,"(32.59851136090, -83.6530271267)"
HI,Honolulu,15003,953207,11.4,17.7,19.0,26.4,57.4,5.0,8.6,4.1,65.5,71.6,63.2,3.7,30.6,32.9,15.5,69.8,9.1,30.2,3.6,22.2,80.0,8.9,22.1,76.2,8.8,48.0,2.5,7.0,"(21.45880393050, -157.973296737)"
ID,Boise City,1608830,205671,16.4,22.6,15.8,27.6,52.4,6.2,8.9,5.4,60.6,70.6,63.3,5.0,32.3,31.4,16.4,66.6,6.9,31.6,2.2,16.4,72.3,10.4,25.8,78.3,10.0,28.9,2.6,13.0,"(43.59843438970, -116.230885189)"
ID,Meridian,1652120,75092,14.8,22.1,16.6,26.5,51.6,6.2,8.7,5.2,61.1,71.8,64.9,4.7,32.8,32.6,15.9,69.0,6.6,31.1,2.2,15.5,73.4,10.0,24.8,80.2,9.3,28.5,2.4,12.3,"(43.61851953830, -116.397584870)"
ID,Nampa,1656260,81557,27.1,25.1,14.2,30.8,54.2,5.9,9.7,6.5,54.8,64.2,51.2,6.8,29.3,24.1,21.0,56.0,9.2,34.9,2.6,23.3,62.8,13.3,35.1,70.2,14.1,34.3,3.3,18.2,"(43.58293156810, -116.564145085)"
IL,Arlington Heights,1702154,75101,8.1,20.6,23.6,23.7,57.3,6.0,8.3,4.6,69.0,75.2,67.8,4.2,38.5,35.1,14.1,73.6,6.6,30.3,2.1,17.0,79.8,8.6,21.5,83.9,8.1,30.2,2.0,8.6,"(42.09562334200, -87.9825627457)"
IL,Aurora,1703012,197899,19.8,23.7,18.5,29.9,59.7,5.5,9.5,6.3,65.3,71.4,56.3,6.1,31.3,25.6,17.6,60.5,11.1,33.4,2.8,27.0,72.5,11.8,32.0,80.7,13.2,35.5,3.1,19.2,"(41.76377508370, -88.2900949057)"
IL,Bloomington,1706613,76610,10.7,23.0,19.5,27.8,59.4,6.0,9.3,5.6,65.6,74.2,63.0,5.6,35.6,30.4,16.9,68.1,8.3,33.0,2.4,21.7,76.7,10.4,29.1,82.0,10.3,33.1,2.6,13.9,"(40.47567783660, -88.9700813515)"
IL,Bolingbrook,1707133,73366,13.3,23.3,19.2,30.5,59.9,5.4,9.0,5.5,67.1,73.7,61.4,5.1,30.4,25.9,16.2,66.4,10.1,32.1,2.5,23.8,76.4,10.0,31.8,81.7,10.5,37.8,2.7,14.5,"(41.69116539080, -88.1011218035)"
IL,Champaign,1712385,81055,12.5,23.1,18.6,29.6,61.9,5.9,9.5,5.6,66.3,72.7,61.5,5.6,36.2,30.0,16.8,64.0,9.1,33.0,2.4,22.4,76.4,10.8,30.2,79.6,10.8,33.6,2.8,13.1,"(40.11510513610, -88.2729845986)"
IL,Chicago,1714000,2695598,18.8,24.2,18.7,31.5,62.9,5.3,10.2,6.0,69.9,72.1,56.9,6.1,29.9,25.3,19.1,56.4,12.4,31.5,3.0,27.6,77.0,12.1,31.3,78.6,13.5,37.4,3.7,18.5,"(41.83729506150, -87.6862308732)"
IL,Cicero,1714351,83891,32.6,23.8,18.5,28.0,59.0,4.8,9.4,6.9,65.3,69.4,48.1,6.2,28.0,21.7,19.9,47.4,14.0,32.7,3.3,34.8,72.0,13.5,33.9,75.6,16.6,37.1,3.4,20.9,"(41.84453914300, -87.7592873023)"
IL,Decatur,1718823,76122,15.7,26.8,18.4,33.6,63.2,6.0,11.0,6.5,66.4,71.0,57.5,7.6,33.9,27.7,23.4,56.6,10.6,32.8,2.7,28.1,73.7,13.6,35.3,77.5,13.9,36.6,3.4,18.6,"(39.85558226450, -88.9336983421)"
IL,Elgin,1723074,108188,18.4,23.4,19.7,28.8,59.3,5.5,9.2,6.0,65.7,71.0,58.1,5.9,33.3,28.1,17.7,62.1,10.2,33.1,2.6,25.8,72.8,11.4,30.8,80.7,12.4,35.1,2.8,15.8,"(42.03854024720, -88.3224947104)"
IL,Evanston,1724582,74486,9.3,21.1,20.9,27.1,60.1,5.8,8.9,4.7,70.4,74.0,66.9,4.2,36.9,32.6,13.6,70.7,7.9,30.6,2.3,18.0,80.6,8.9,24.0,83.4,8.7,32.0,2.4,9.6,"(42.04630996490, -87.6940348773)"
IL,Joliet,1738570,147433,16.7,25.2,19.8,30.8,60.2,5.7,9.8,6.2,65.5,73.0,58.5,6.2,30.5,25.4,19.5,62.1,10.7,32.5,2.7,26.4,74.0,11.8,35.2,80.3,12.6,38.1,3.0,16.9,"(41.52063900370, -88.1507097756)"
IL,Naperville,1751622,141853,7.0,20.0,20.6,25.7,57.3,5.8,8.1,4.5,67.2,76.1,67.4,3.7,38.3,33.9,11.3,76.4,6.7,31.9,2.1,15.9,79.7,7.8,22.7,85.2,7.4,30.5,1.9,8.2,"(41.74820011450, -88.1657705099)"
IL,Palatine,1757225,68557,11.3,20.9,22.2,24.5,57.9,5.8,8.4,4.8,68.6,74.0,65.5,4.5,37.4,33.7,14.9,69.7,7.4,30.7,2.2,19.3,78.8,9.3,22.8,82.0,9.1,31.4,2.2,9.8,"(42.11806636950, -88.0429898820)"
IL,Peoria,1759000,115007,14.5,25.3,18.4,33.0,62.1,5.8,10.6,6.2,66.8,72.5,58.8,6.8,30.5,27.4,20.0,61.0,10.4,32.6,2.7,25.6,76.6,12.4,34.2,79.5,12.7,37.1,3.3,16.9,"(40.75156841460, -89.6152554580)"
IL,Rockford,1765000,152871,19.1,25.6,18.0,33.8,62.7,5.8,11.0,6.7,64.4,70.5,55.0,7.8,30.2,25.5,22.4,53.7,11.2,35.2,2.9,31.1,69.8,13.9,37.5,77.3,15.0,37.3,3.5,20.1,"(42.26331800150, -89.0625958362)"
IL,Schaumburg,1768003,74227,9.0,20.7,21.6,24.1,57.9,5.7,8.2,4.6,69.3,74.6,65.5,4.4,36.7,33.5,14.4,70.9,7.3,30.5,2.1,19.1,79.1,8.8,21.1,81.5,8.6,32.1,2.2,10.2,"(42.03054887550, -88.0838663543)"
IL,Springfield,1772000,116250,12.7,25.0,19.1,32.9,63.0,6.0,10.3,5.9,65.5,73.7,60.3,6.5,35.9,31.1,19.9,62.8,9.3,31.8,2.5,24.7,74.4,11.9,32.2,80.3,11.9,34.8,2.9,15.3,"(39.77164733220, -89.6540780049)"
IL,Waukegan,1779293,89078,25.9,23.9,16.4,31.6,62.0,5.2,10.3,6.9,64.6,72.1,53.4,7.0,24.5,23.2,20.3,52.7,13.1,32.6,3.1,32.6,74.1,13.4,35.6,77.3,15.6,37.3,3.7,22.6,"(42.37029555820, -87.8712595095)"
IN,Bloomington,1805860,80405,16.5,25.6,13.9,32.8,62.6,6.2,10.2,6.3,62.2,70.6,61.7,7.3,32.2,27.8,19.8,62.0,9.3,35.1,2.5,23.1,71.9,12.6,29.0,75.7,12.5,35.1,2.8,13.8,"(39.16374582210, -86.5257124351)"
IN,Carmel,1810342,79191,7.7,19.8,17.1,28.0,61.7,6.2,8.3,4.7,68.7,78.4,71.6,4.3,37.4,34.7,11.8,79.7,6.8,31.0,2.1,15.0,79.7,8.3,24.6,86.5,7.1,29.0,1.9,8.0,"(39.96584046130, -86.1461278461)"
IN,Evansville,1822000,117429,18.2,29.0,15.8,35.9,65.0,6.1,11.0,6.9,71.1,72.2,63.1,9.0,31.9,29.1,25.3,59.6,10.5,33.8,2.8,28.9,74.3,14.4,35.1,77.8,14.3,39.3,3.3,18.7,"(37.98671580260, -87.5382707310)"
IN,Fishers,1823278,76794,8.1,20.2,17.5,28.3,61.9,6.2,8.6,4.8,68.8,78.8,71.3,4.4,37.1,34.8,12.6,79.1,7.1,30.9,2.1,15.4,79.6,8.7,25.7,86.9,7.4,29.6,1.9,8.0,"(39.95876352630, -85.9693107020)"
IN,Fort Wayne,1825000,253691,18.9,26.0,14.9,31.1,64.5,6.1,10.5,6.5,61.0,71.4,59.3,7.8,31.2,25.9,23.7,62.7,10.8,32.9,2.7,26.2,69.9,13.3,33.4,75.8,12.8,36.3,3.1,16.0,"(41.08849204170, -85.1435898792)"
IN,Gary,1827000,80294,28.6,31.1,10.3,47.8,69.4,5.2,13.5,7.9,71.0,70.7,46.3,10.2,18.8,16.6,31.4,38.8,18.2,33.9,3.8,37.3,70.6,17.3,46.9,71.7,18.3,52.0,5.6,30.4,"(41.59047792390, -87.3472907397)"
IN,Hammond,1831000,80830,27.3,27.5,13.7,36.4,63.3,5.6,10.9,7.3,64.3,70.2,47.2,8.9,24.2,21.0,27.2,48.5,13.0,34.4,3.0,32.2,66.5,15.0,37.5,72.4,15.8,43.6,3.6,22.7,"(41.61714428280, -87.4909551115)"
IN,Indianapolis,1836003,820445,20.0,27.1,14.9,32.9,63.4,5.7,11.5,6.6,66.1,71.6,62.0,8.4,36.3,31.4,23.9,60.1,11.2,34.1,2.9,27.6,75.1,13.8,34.9,77.0,13.7,39.2,3.5,18.9,"(39.77712210750, -86.1457821520)"
IN,Lafayette,1840788,67140,18.6,26.2,14.8,31.5,62.8,6.2,10.5,6.7,64.0,72.8,59.1,8.2,27.3,30.1,23.2,58.9,9.7,35.0,2.8,25.4,68.4,13.6,31.8,74.4,13.3,38.0,3.0,17.4,"(40.39942852850, -86.8617007404)"
IN,Muncie,1851876,70085,21.1,30.0,13.1,36.5,65.3,6.2,11.8,7.4,64.9,69.8,54.8,10.1,30.9,27.9,27.9,53.8,11.5,34.8,2.9,30.8,69.9,15.9,36.7,72.2,15.8,39.5,3.6,20.1,"(40.19870983240, -85.3942940148)"
IN,South Bend,1871000,101168,22.9,27.8,13.6,34.4,65.4,6.0,11.5,7.0,61.2,70.8,56.3,8.7,29.1,27.8,25.0,54.2,12.1,34.4,2.9,29.6,69.9,14.9,37.3,74.3,15.0,40.6,3.7,20.8,"(41.67699145490, -86.2690372417)"
IA,Cedar Rapids,1912000,126326,9.2,22.8,20.5,28.1,60.2,6.2,8.4,5.4,69.5,74.7,68.2,5.3,35.3,35.2,18.7,70.2,8.4,36.0,2.4,23.1,83.0,9.4,32.0,85.2,9.6,29.0,2.5,13.5,"(41.96672925800, -91.6781679349)"
IA,Davenport,1919000,99685,11.3,23.2,20.9,29.3,60.7,6.0,8.6,5.7,71.4,72.7,64.1,5.6,34.9,34.4,20.9,67.5,9.1,35.1,2.5,23.4,81.1,10.1,33.3,82.4,10.5,33.2,2.8,14.5,"(41.55579268760, -90.6051730163)"
IA,Des Moines,1921000,203433,13.0,24.9,18.3,31.2,60.2,5.8,8.5,5.9,69.1,75.2,62.3,6.1,38.7,32.6,22.9,65.1,9.7,36.4,2.4,25.2,79.3,10.5,32.6,82.2,11.3,31.3,3.0,15.0,"(41.57413495250, -93.6165066086)"
IA,Iowa City,1938595,67862,9.3,21.5,20.1,27.6,60.7,6.0,8.3,5.3,68.5,74.0,66.5,4.8,36.9,34.0,16.3,71.1,8.0,31.6,2.3,19.9,79.4,8.9,28.5,83.4,9.2,27.4,2.5,10.2,"(41.65589503320, -91.5308854927)"
IA,Sioux City,1973335,82684,14.1,24.2,19.7,30.3,60.6,5.9,8.7,6.0,70.9,69.6,62.9,6.3,38.4,33.7,22.8,62.9,9.7,35.3,2.6,27.7,77.0,10.8,35.5,80.3,11.7,33.2,2.9,16.5,"(42.49631490390, -96.3913834837)"
IA,Waterloo,1982425,68406,12.9,24.9,21.1,30.0,61.8,6.0,9.0,6.2,70.2,71.6,63.7,6.3,35.7,33.2,21.6,64.0,9.8,35.0,2.6,25.3,80.0,10.9,35.3,82.8,11.3,33.5,3.1,16.1,"(42.49197369320, -92.3521759342)"
KS,Kansas City,2036000,145786,28.4,26.2,14.3,36.4,59.9,5.7,10.4,6.8,65.9,67.4,53.8,8.2,25.0,27.0,25.2,53.4,13.4,32.2,3.2,32.2,74.8,12.6,38.2,76.8,14.2,36.5,4.0,24.3,"(39.12346214090, -94.7441921112)"
KS,Lawrence,2038900,87643,13.9,21.3,16.8,26.1,60.5,6.4,9.4,5.5,67.8,72.2,65.2,5.9,40.0,39.1,17.3,68.0,8.4,31.1,2.3,20.2,78.1,9.5,28.2,81.4,9.6,28.2,2.6,12.1,"(38.95993029240, -95.2628259088)"
KS,Olathe,2052575,125872,12.2,21.0,18.0,26.7,60.9,6.4,8.0,4.9,69.3,77.5,68.5,5.0,43.6,36.0,15.2,75.2,8.0,32.2,2.3,19.6,81.0,8.4,27.3,85.6,8.2,27.7,2.3,10.9,"(38.88469302100, -94.8192070197)"
KS,Overland Park,2053775,173372,9.8,19.9,17.9,26.0,60.5,6.5,7.7,4.5,69.9,78.0,70.5,4.3,45.1,38.0,12.9,78.7,7.2,31.9,2.1,17.1,82.2,7.4,25.3,86.7,7.1,26.4,2.1,8.5,"(38.88729225750, -94.6872267067)"
KS,Topeka,2071000,127473,20.0,25.2,14.6,32.1,62.3,6.2,10.0,6.0,67.1,70.6,63.4,7.2,38.2,39.6,24.1,64.6,10.8,34.0,2.6,26.1,75.9,11.0,34.9,79.2,11.5,31.4,3.1,16.5,"(39.03595499110, -95.6954155341)"
KS,Wichita,2079000,382368,20.0,24.4,13.9,32.3,61.2,6.2,9.6,6.1,67.9,70.6,64.3,6.8,33.3,32.3,20.8,63.2,11.1,34.0,2.7,25.8,74.5,10.8,34.3,81.0,11.6,32.7,3.1,17.9,"(37.69056147800, -97.3429366807)"
KY,Lexington,2146027,295803,10.4,27.7,12.4,36.2,63.9,6.6,11.1,7.2,73.0,75.3,69.6,8.3,40.4,43.8,23.2,64.8,10.8,36.2,3.2,26.3,81.9,12.3,30.8,81.9,13.7,37.4,3.0,19.2,"(38.04232540220, -84.4587259608)"
KY,Louisville,2148006,597337,11.4,29.6,14.6,35.2,67.2,6.5,11.7,7.5,73.3,75.7,67.6,9.5,38.0,38.3,25.5,60.1,11.4,35.0,3.2,27.8,80.8,13.3,32.9,80.7,14.2,37.8,3.3,18.8,"(38.17776899180, -85.6664099974)"
LA,Baton Rouge,2205000,229493,22.9,25.8,15.7,41.6,68.3,5.9,8.9,7.7,77.0,74.5,62.3,7.1,39.3,32.7,22.8,56.2,12.6,32.8,3.0,30.4,79.8,13.6,36.8,82.3,14.4,36.6,4.0,19.2,"(30.45108916790, -91.1263551997)"
LA,Kenner,2239475,66702,23.0,23.1,17.6,35.6,64.1,5.8,7.9,7.2,75.1,73.8,63.7,6.2,35.9,35.0,21.0,59.7,10.6,33.4,2.7,29.1,82.4,12.4,36.7,84.5,13.3,37.6,3.1,16.5,"(30.01069372010, -90.2550320135)"
LA,Lafayette,2240735,120623,20.4,24.8,17.2,36.7,66.9,6.1,8.7,7.5,74.5,72.5,63.0,6.9,35.1,35.5,23.8,59.6,10.6,32.8,2.9,27.8,77.9,13.0,34.1,81.4,13.6,35.0,3.4,18.1,"(30.21205828150, -92.0317532321)"
LA,Lake Charles,2241155,71993,25.3,27.3,15.3,42.4,68.3,6.0,9.2,8.0,76.9,73.4,60.7,7.8,32.1,33.5,28.0,49.9,12.7,34.9,3.0,32.5,78.4,14.6,36.9,81.0,15.6,39.0,4.2,22.8,"(30.20306799660, -93.2148796496)"
LA,New Orleans,2255000,343829,23.4,24.3,17.3,41.2,69.9,5.5,9.0,7.7,74.7,74.3,62.7,6.9,37.7,31.4,23.6,55.8,13.0,33.1,3.1,28.2,80.8,13.5,34.4,83.4,14.9,38.5,4.3,21.6,"(30.06870099350, -89.9316317895)"
LA,Shreveport,2270000,199311,24.7,27.3,15.7,43.5,68.2,5.9,9.3,7.8,75.7,73.1,58.9,7.5,34.5,36.0,25.9,52.7,12.7,35.1,3.0,31.7,76.5,14.2,37.1,82.5,15.3,40.7,4.2,21.2,"(32.46716188640, -93.7962236108)"
ME,Portland,2360545,66194,14.0,25.2,18.0,28.3,59.1,6.5,10.8,5.8,70.1,75.9,72.8,6.4,37.7,35.7,16.1,67.6,8.2,30.7,2.3,18.0,81.6,11.7,26.2,82.8,10.6,30.3,2.6,13.5,"(43.67798362710, -70.2752544531)"
MD,Baltimore,2404000,620961,14.7,28.3,13.9,38.8,67.4,5.7,11.2,6.4,75.4,76.4,65.8,8.0,29.6,32.6,23.2,59.7,14.0,33.0,3.2,26.3,83.3,14.0,35.6,85.2,13.5,44.4,4.5,20.0,"(39.30845239910, -76.6160492311)"
MA,Boston,2507000,617594,10.0,23.8,17.7,29.5,59.6,5.8,12.1,6.0,75.6,78.4,67.8,6.7,29.1,31.9,17.4,65.9,10.8,31.1,3.0,21.6,86.6,13.4,26.0,85.0,12.3,36.8,3.1,17.5,"(42.31557967770, -71.0916505804)"
MA,Brockton,2509000,93810,12.0,29.4,16.4,34.4,61.8,6.4,13.8,7.0,80.9,79.7,63.7,9.4,25.4,26.7,26.0,55.7,12.4,32.8,3.3,28.8,83.4,16.6,35.9,84.4,15.3,45.7,3.5,24.6,"(42.08207137200, -71.0241656338)"
MA,Cambridge,2511000,105162,5.6,22.6,17.4,28.4,57.3,6.6,10.9,4.9,76.4,80.9,73.9,4.8,34.0,32.4,12.1,74.3,8.2,31.3,2.4,17.7,88.0,10.1,23.3,87.5,9.0,33.5,2.2,12.5,"(42.37581880510, -71.1183992378)"
MA,Fall River,2523000,88857,11.7,31.0,17.4,32.0,60.4,6.8,14.7,7.6,80.1,78.8,64.4,11.1,29.3,22.6,28.6,55.3,11.7,38.6,3.1,28.8,82.9,18.3,32.5,82.9,17.5,43.9,3.5,28.1,"(41.71399075980, -71.0996396919)"
MA,Lawrence,2534550,76377,21.7,28.3,15.1,33.4,58.9,5.4,13.0,7.5,76.9,74.8,58.4,8.7,23.4,21.7,20.9,53.5,15.1,35.9,4.3,34.9,83.1,16.6,35.9,84.2,18.6,42.5,3.4,23.7,"(42.70027722010, -71.1626790341)"
MA,Lowell,2537000,106519,11.6,25.6,16.1,28.6,57.3,6.3,12.1,6.3,74.1,79.6,65.0,7.5,29.5,27.4,19.9,60.2,10.8,32.0,2.9,27.8,84.0,14.3,26.7,81.0,13.5,38.6,2.9,22.7,"(42.63887273310, -71.3217143960)"
MA,Lynn,2537490,90329,13.7,28.2,16.6,32.6,59.4,6.2,13.2,6.8,78.4,77.3,66.3,8.7,26.8,27.0,21.3,60.9,11.7,34.7,3.4,28.7,84.9,15.2,31.6,85.5,15.2,41.7,3.2,19.8,"(42.47833228810, -70.9662372538)"
MA,New Bedford,2545000,95072,13.5,30.8,16.9,32.6,60.4,6.6,14.6,7.7,80.2,78.4,64.0,10.8,28.7,22.3,27.9,54.4,12.4,38.6,3.3,29.5,82.9,18.4,33.6,83.1,17.9,44.5,3.6,27.5,"(41.67126672580, -70.9441204537)"
MA,Newton,2545560,85146,4.1,21.2,19.2,25.3,55.1,6.8,10.2,4.4,76.6,82.5,76.9,4.1,36.3,35.9,10.7,79.4,6.7,30.5,2.2,14.9,88.9,9.0,20.4,89.4,7.4,31.2,1.8,9.9,"(42.33165676160, -71.2084466944)"
MA,Quincy,2555745,92271,7.0,23.1,16.5,27.4,60.9,6.5,10.7,5.2,76.3,81.3,69.4,6.2,30.6,30.7,16.8,69.7,9.0,30.6,2.7,21.4,86.6,11.6,21.9,84.1,10.4,36.9,2.4,14.6,"(42.24929819180, -71.0218764062)"
MA,Somerville,2562535,75754,7.0,23.9,18.1,27.9,56.4,6.6,11.5,5.5,75.4,81.0,70.9,5.9,32.6,30.7,14.9,70.8,8.8,31.4,2.6,20.2,86.4,11.6,24.8,86.6,10.5,34.2,2.5,16.5,"(42.39057388580, -71.1017450879)"
MA,Springfield,2567000,153060,17.6,29.6,15.1,35.6,62.6,6.0,14.5,7.3,76.5,75.5,63.3,9.5,26.9,26.8,24.4,56.8,14.0,33.7,4.3,33.3,83.0,17.3,33.1,82.7,18.0,43.5,3.8,24.4,"(42.11549779990, -72.5395254143)"
MA,Worcester,2582000,181045,11.2,25.7,16.0,30.3,59.8,6.5,12.1,6.4,77.4,78.7,66.9,7.5,29.8,28.7,21.4,62.7,10.8,33.9,3.1,24.9,84.7,14.4,31.1,85.4,13.2,40.4,2.9,19.7,"(42.27054254460, -71.8079404584)"
MI,Ann Arbor,2603000,113934,9.4,24.2,18.7,27.3,57.1,6.4,9.2,5.1,69.3,76.1,74.6,5.0,35.6,41.7,13.1,77.4,7.6,33.1,2.6,16.8,85.9,9.4,26.4,84.0,8.6,31.0,2.2,7.3,"(42.27568335670, -83.7311374448)"
MI,Dearborn,2621000,98153,16.3,29.8,19.4,32.3,56.5,6.8,11.3,7.3,67.2,74.6,64.1,9.6,34.9,30.9,25.8,63.8,9.5,36.8,3.2,25.6,79.4,14.6,31.2,78.4,14.0,38.8,3.2,14.8,"(42.31268846260, -83.2129368006)"
MI,Detroit,2622000,713777,25.5,33.9,13.5,46.3,64.5,5.9,13.9,8.4,74.5,74.2,58.6,10.8,24.5,21.2,29.8,47.2,17.6,36.6,4.6,36.4,81.8,17.2,45.2,78.0,18.3,50.8,5.8,25.6,"(42.38470156310, -83.1053178776)"
MI,Farmington Hills,2627440,79740,9.0,24.9,19.8,28.7,57.8,6.6,9.4,5.3,72.2,79.9,71.6,5.2,35.1,37.5,14.2,76.4,7.9,32.9,2.8,18.1,82.5,9.6,26.4,85.8,8.7,35.6,2.3,8.8,"(42.48599569920, -83.3771159714)"
MI,Flint,2629000,102434,23.3,35.8,14.8,42.9,62.7,6.0,13.3,8.4,72.8,72.4,59.8,11.4,27.0,24.1,28.5,52.4,15.8,34.8,4.1,36.4,80.1,17.4,42.7,78.0,18.7,44.0,5.2,25.2,"(43.02363393860, -83.6920640313)"
MI,Grand Rapids,2634000,188040,17.5,28.7,18.9,35.9,60.1,6.4,11.0,6.8,71.4,74.6,66.5,7.9,35.5,38.5,20.5,64.5,11.0,35.0,3.3,27.0,81.9,13.5,35.1,81.5,13.9,35.8,3.3,13.7,"(42.96148154140, -85.6556858473)"
MI,Kalamazoo,2642160,74262,17.3,31.4,17.7,34.7,60.8,6.5,11.7,7.3,70.7,72.1,66.4,9.0,35.3,31.7,21.6,61.4,11.5,34.9,3.4,26.3,79.9,14.6,41.2,80.1,14.8,35.5,3.6,15.1,"(42.27487564740, -85.5881885760)"
MI,Lansing,2646000,114297,17.2,29.9,17.7,34.2,60.9,6.3,11.3,7.2,68.4,73.9,65.8,8.5,33.5,30.0,22.5,63.2,11.6,36.0,3.4,28.2,78.9,14.0,36.1,80.6,14.2,36.4,3.5,17.2,"(42.70907117510, -84.5584470022)"
MI,Livonia,2649000,96942,9.0,25.8,22.7,28.1,53.6,6.8,9.3,5.6,69.6,78.4,72.6,6.0,38.6,36.4,18.4,76.4,7.2,34.9,2.7,18.2,84.2,10.3,25.7,86.2,9.0,35.5,2.2,8.7,"(42.39715927370, -83.3733073683)"
MI,Rochester Hills,2669035,70995,8.6,24.3,21.0,27.0,56.0,6.6,9.1,5.2,70.8,79.8,72.0,5.1,35.9,38.6,14.1,77.8,7.2,33.1,2.7,17.3,82.0,9.4,24.7,85.4,8.4,34.1,2.1,8.1,"(42.66452567680, -83.1563037157)"
MI,Southfield,2674900,71739,13.1,28.3,16.5,37.8,63.3,6.2,11.5,6.0,76.6,79.8,69.0,6.3,29.3,31.7,17.6,66.8,12.1,32.7,3.6,23.6,83.8,11.8,36.7,86.1,11.3,43.5,3.5,13.1,"(42.47650162670, -83.2605284738)"
MI,Sterling Heights,2676460,129699,12.2,27.9,20.6,32.4,59.0,6.5,10.1,6.5,70.1,76.0,69.9,7.4,37.2,31.3,22.9,69.8,8.7,35.5,2.9,24.7,79.4,12.1,30.9,80.7,11.5,36.2,2.7,12.3,"(42.58098528300, -83.0303680858)"
MI,Troy,2680700,80980,8.5,23.7,19.9,27.0,56.1,6.4,8.7,5.2,71.0,79.4,71.3,4.9,35.4,38.0,13.3,77.7,7.4,33.2,2.6,17.6,81.9,9.0,23.2,84.4,8.2,34.2,2.1,8.6,"(42.58173403580, -83.1457545154)"
MI,Warren,2684000,134056,16.0,30.0,19.3,34.7,60.8,6.5,11.1,7.3,69.8,75.1,66.4,9.0,35.6,28.9,27.2,63.1,10.1,35.9,3.1,29.0,77.4,14.1,34.9,77.6,13.9,38.7,3.2,15.3,"(42.49342330340, -83.0270075248)"
MI,Westland,2686000,84094,14.1,29.0,19.8,31.9,56.9,6.7,10.8,6.6,69.6,76.8,66.5,8.2,34.8,31.4,24.0,66.6,9.4,35.7,3.2,24.6,81.4,13.1,31.0,81.9,12.3,40.1,3.0,13.4,"(42.31922204550, -83.3805461719)"
MI,Wyoming,2688940,72125,16.2,28.0,20.4,32.6,57.4,6.4,10.4,6.7,70.5,75.6,67.0,7.8,35.7,38.3,20.4,66.7,9.9,34.7,3.1,26.3,81.3,13.0,32.6,82.3,13.1,34.7,2.9,14.2,"(42.89097456610, -85.7067229249)"
MN,Bloomington,2706616,82893,8.5,18.7,21.1,24.4,55.4,5.9,8.7,4.7,67.6,77.2,69.6,4.0,32.5,37.9,15.5,74.9,6.7,31.3,1.9,17.5,81.3,8.3,23.1,85.6,7.7,29.0,2.2,7.7,"(44.83058524290, -93.3150995817)"
MN,Brooklyn Park,2707966,75781,11.1,19.7,18.4,26.5,57.8,5.6,9.3,5.1,68.8,76.7,66.4,4.5,30.0,35.1,17.5,69.0,8.3,31.4,2.1,21.3,80.2,9.3,25.4,82.8,8.9,32.4,2.7,9.8,"(45.11120339160, -93.3505067942)"
MN,Duluth,2717000,86265,10.5,24.3,21.2,25.5,59.4,6.1,9.4,5.8,66.7,73.5,64.4,5.6,35.9,33.6,22.0,67.2,8.1,29.1,2.1,21.5,74.7,10.4,30.1,80.8,10.5,31.1,2.8,13.1,"(46.78547034270, -92.1342013763)"
MN,Minneapolis,2743000,382578,11.7,20.0,19.1,27.9,58.1,5.8,9.6,5.4,67.4,75.1,65.9,4.8,30.0,34.2,17.4,68.7,8.6,32.2,2.3,20.6,80.0,9.6,26.7,83.0,9.5,30.7,2.9,10.7,"(44.96354079670, -93.2678345304)"
MN,Plymouth,2751730,70576,6.1,17.5,21.6,23.2,54.4,6.0,8.2,4.3,68.3,78.2,72.4,3.3,33.9,40.0,12.6,79.7,5.9,30.9,1.7,14.4,82.7,7.1,20.9,87.5,6.4,26.9,1.9,6.0,"(45.02246287400, -93.4616016242)"
MN,Rochester,2754880,106769,8.4,19.4,21.1,26.6,57.8,6.1,7.9,4.9,65.9,74.6,72.1,4.2,35.6,35.3,15.0,72.3,7.0,29.3,1.9,18.5,83.2,8.4,27.1,85.8,7.9,29.5,2.3,9.1,"(44.01505743840, -92.4775005494)"
MN,St. Paul,2758000,285068,12.7,20.6,18.0,27.7,59.8,5.9,9.0,5.5,68.6,73.8,64.7,5.2,30.5,34.5,19.7,64.7,9.1,31.2,2.3,22.6,80.6,10.0,29.6,81.9,10.5,31.2,2.9,13.2,"(44.94774025580, -93.1039958305)"
MS,Gulfport,2829700,67793,21.9,27.0,13.7,40.7,68.7,6.0,9.0,6.9,74.3,71.0,57.4,7.4,34.0,30.6,24.1,55.2,12.4,37.2,3.1,30.7,69.5,14.1,34.6,78.7,14.1,38.9,3.9,20.7,"(30.42737700800, -89.0701908439)"
MS,Jackson,2836000,173514,23.5,28.8,11.4,45.2,72.1,5.6,10.0,6.9,77.5,72.4,59.7,7.2,34.0,29.6,23.4,49.5,15.1,36.3,3.4,33.0,75.8,14.5,40.6,82.4,14.8,43.6,4.8,23.8,"(32.31627222000, -90.2124528561)"
MO,Columbia,2915670,108500,13.5,24.4,15.6,28.8,63.6,6.3,9.4,5.8,66.8,72.0,65.3,6.3,39.7,35.4,18.3,62.8,8.9,29.7,2.2,21.3,74.9,11.4,29.2,80.5,11.6,30.0,2.7,13.5,"(38.94811096510, -92.3260129764)"
MO,Independence,2935000,116830,17.1,26.0,15.9,29.3,63.1,6.5,10.1,6.6,65.2,70.6,60.8,8.0,38.4,38.2,25.0,56.5,9.7,34.2,2.3,25.4,72.9,13.3,32.2,77.3,13.9,33.7,3.1,18.4,"(39.08707947710, -94.3502748237)"
MO,Kansas City,2938000,459787,17.7,26.0,14.7,32.9,66.1,6.1,10.3,6.5,67.8,71.5,61.2,7.3,35.9,35.6,22.3,55.9,11.5,33.5,2.7,25.7,74.6,12.6,34.7,79.3,13.7,35.6,3.5,19.6,"(39.12394139710, -94.5541236795)"
MO,Lee's Summit,2941348,91364,10.1,22.8,17.4,27.2,61.8,6.6,8.9,5.3,67.6,73.3,68.5,5.4,41.9,43.2,17.6,68.8,7.7,32.9,2.0,18.0,77.9,9.9,27.5,84.0,9.7,30.4,2.3,11.9,"(38.91705081280, -94.3814865856)"
MO,O'Fallon,2954074,79329,10.4,23.8,17.6,26.1,60.7,6.4,8.6,5.4,68.6,75.1,67.7,5.7,40.5,42.5,17.8,66.2,7.7,32.8,2.1,20.5,76.5,10.4,24.9,83.0,10.1,32.4,2.3,13.0,"(38.78522441610, -90.7176856736)"
MO,St. Joseph,2964550,76780,16.6,27.1,15.6,30.8,63.6,6.4,9.9,6.7,65.9,69.9,59.6,8.3,36.4,36.4,24.8,52.5,9.9,35.3,2.4,27.9,70.1,13.4,32.4,77.4,13.9,37.9,3.1,20.9,"(39.75983121790, -94.8209246813)"
MO,St. Louis,2965000,319294,19.3,27.9,14.9,35.2,67.8,5.9,11.2,7.0,71.7,70.6,58.8,8.2,36.5,30.2,24.9,51.9,13.8,31.1,3.3,27.6,71.2,14.0,37.0,78.3,15.6,39.0,4.3,24.4,"(38.63581226150, -90.2451186799)"
MO,Springfield,2970000,159498,17.6,27.5,15.1,29.7,64.4,6.4,10.2,6.8,63.5,69.7,58.7,8.6,40.3,34.6,24.4,52.0,10.0,32.4,2.4,26.2,68.0,13.9,35.9,75.6,14.7,34.6,3.2,20.0,"(37.19426614840, -93.2914273656)"
MT,Billings,3006550,104170,15.4,23.1,19.6,26.9,52.9,6.3,9.6,5.2,63.4,70.8,60.4,6.0,38.8,34.1,21.6,62.9,7.7,29.7,2.1,20.3,72.1,10.8,27.6,80.2,11.7,30.0,2.6,15.7,"(45.78931026090, -108.548827840)"
MT,Missoula,3050200,66788,14.2,22.6,20.1,27.0,52.3,6.3,9.3,5.3,60.6,70.4,60.7,5.9,34.8,32.5,18.3,66.4,7.4,30.6,2.1,17.1,76.2,10.5,25.5,80.0,11.3,29.4,2.6,13.3,"(46.86944024550, -114.009863843)"
NE,Lincoln,3128000,258379,13.5,22.5,21.8,26.8,58.7,5.8,8.4,5.1,60.8,71.1,63.4,5.5,39.3,32.7,18.6,68.3,7.7,32.8,2.1,18.8,75.8,9.1,27.8,78.7,9.0,30.7,2.5,10.2,"(40.80961956950, -96.6806742049)"
NE,Omaha,3137000,408958,16.3,23.6,20.9,29.2,61.0,5.7,8.3,5.6,64.8,71.6,62.6,5.7,37.4,35.6,20.4,64.1,9.4,31.4,2.4,22.3,76.4,9.5,30.6,80.9,10.2,32.8,2.9,13.8,"(41.26423091110, -96.0415076441)"
NV,Henderson,3231900,257729,14.2,21.6,17.6,27.4,53.7,6.2,8.6,5.6,64.2,72.8,63.2,6.2,34.9,30.9,17.7,65.1,8.5,32.1,3.0,20.5,74.0,10.6,26.1,81.3,10.5,36.2,2.5,13.4,"(36.01223949160, -115.037392161)"
NV,Las Vegas,3240000,583756,22.6,23.1,15.9,29.9,55.5,5.9,9.3,6.5,63.4,70.7,57.5,7.4,32.1,27.6,20.4,56.1,10.8,32.9,3.4,26.2,71.3,12.4,30.3,78.0,13.5,38.9,3.1,18.2,"(36.22741484380, -115.262670095)"
NV,North Las Vegas,3251800,216961,25.5,23.8,14.9,31.5,56.5,5.6,9.7,6.8,64.0,70.6,55.3,7.9,28.9,24.5,21.4,52.0,12.5,32.9,3.6,29.0,71.1,13.2,32.4,77.0,14.8,41.0,3.6,22.7,"(36.28919935620, -115.088496088)"
NV,Reno,3260600,225221,19.6,22.7,19.0,28.1,52.0,6.1,9.3,6.1,60.2,72.3,59.9,7.3,31.9,28.0,19.3,60.4,8.8,33.6,3.0,20.3,70.6,12.3,22.8,76.9,13.0,33.7,2.9,16.3,"(39.55401719980, -119.852733516)"
NV,Sparks,3268400,90264,19.4,22.7,19.4,27.4,51.6,6.0,9.3,6.0,60.4,73.0,60.3,7.2,31.1,27.2,19.3,60.8,8.7,33.2,3.0,20.5,70.6,12.2,22.6,77.8,12.8,33.9,2.8,17.3,"(39.57337327600, -119.713134168)"
NH,Manchester,3345140,109565,17.6,25.6,16.4,28.4,59.3,6.4,11.1,5.8,68.7,76.7,65.7,7.1,32.2,32.2,19.8,63.5,9.0,31.2,2.3,21.6,79.7,12.0,31.2,82.0,11.8,36.5,2.7,16.1,"(42.98445417130, -71.4445313287)"
NH,Nashua,3350260,86494,16.1,24.4,16.5,27.7,58.8,6.4,10.5,5.4,69.2,77.0,67.8,6.3,33.4,33.7,17.6,66.7,8.5,31.0,2.2,19.8,81.0,11.0,29.4,83.3,10.7,35.5,2.5,14.1,"(42.74915544590, -71.4909587631)"
NJ,Camden,3410000,77344,33.9,27.9,12.1,42.2,64.8,4.8,11.7,8.2,73.7,71.1,49.2,9.2,21.4,16.3,24.9,45.0,17.8,36.8,3.6,41.6,73.4,17.2,42.2,74.8,20.1,50.8,5.2,30.0,"(39.93619100660, -75.1072961899)"
NJ,Clifton,3413690,84136,16.3,20.6,18.8,27.7,55.3,5.5,8.1,5.4,72.6,76.1,62.1,5.2,33.4,27.0,16.5,68.7,8.6,36.3,2.3,23.3,78.4,10.8,25.9,83.1,10.6,38.6,2.4,11.6,"(40.86312174250, -74.1575145342)"
NJ,Elizabeth,3421000,124969,29.3,23.2,14.7,29.9,58.8,4.9,8.9,7.0,72.2,72.7,49.7,6.6,25.2,21.1,21.1,53.5,13.1,33.5,3.0,33.2,75.6,13.8,32.7,79.3,15.3,43.4,3.4,20.0,"(40.66644477290, -74.1938679138)"
NJ,Jersey City,3436000,247597,17.8,20.8,15.0,31.6,60.9,4.9,8.9,6.0,76.2,75.5,54.3,5.8,22.6,21.9,16.2,60.8,11.3,33.4,2.6,28.6,75.0,11.1,25.4,76.5,12.2,43.7,3.1,18.4,"(40.71881308520, -74.0687740635)"
NJ,Newark,3451000,277140,28.9,24.8,13.3,39.0,63.1,4.8,10.9,7.6,74.8,73.9,53.0,8.4,24.0,17.5,24.0,49.8,15.7,36.0,3.2,35.8,74.7,15.7,37.6,74.5,17.5,48.0,4.6,25.0,"(40.72606934490, -74.1752997118)"
NJ,Passaic,3456550,69781,36.5,23.6,14.8,33.2,58.2,4.7,9.5,7.4,70.0,70.9,47.1,7.3,25.5,18.1,21.6,48.7,14.7,38.7,3.3,37.3,72.3,15.3,35.6,74.7,18.1,43.6,3.7,21.5,"(40.85745811090, -74.1281123174)"
NJ,Paterson,3457000,146199,32.3,24.4,14.5,35.7,60.6,4.7,10.1,7.3,72.5,72.3,49.3,7.4,24.7,17.5,22.2,49.4,15.1,38.1,3.4,36.3,74.7,15.2,37.3,77.3,17.4,45.7,4.0,22.4,"(40.91468749770, -74.1624181271)"
NJ,Trenton,3474000,84913,28.7,26.4,14.1,38.2,64.5,5.1,11.3,7.9,74.3,75.3,51.0,8.8,24.6,18.0,27.0,47.9,15.2,36.1,3.0,34.8,73.6,16.0,39.3,77.5,17.7,45.3,4.7,29.7,"(40.22372899810, -74.7639943311)"
NJ,Union City,3474630,66455,32.6,21.4,16.0,30.0,58.2,4.4,8.8,7.1,72.4,73.0,46.1,6.1,20.3,17.4,18.0,51.5,14.0,34.6,3.4,36.0,70.7,13.5,31.4,75.6,16.4,43.2,3.0,20.6,"(40.76746068840, -74.0322935070)"
NM,Albuquerque,3502000,545852,17.0,22.4,14.5,25.9,54.3,6.1,9.8,5.3,61.1,70.1,63.9,5.4,32.7,32.6,18.8,64.2,9.3,29.2,2.9,20.4,75.0,11.6,25.5,80.4,12.1,32.8,2.6,14.0,"(35.10550257710, -106.647447696)"
NM,Las Cruces,3539380,97618,19.9,23.2,15.7,29.1,57.1,5.7,9.4,5.5,61.2,67.5,55.3,5.8,33.1,25.1,17.9,64.0,10.3,31.4,3.1,21.1,70.2,12.2,28.8,79.5,13.5,32.2,2.8,14.3,"(32.32663879700, -106.789465579)"
NM,Rio Rancho,3563460,87521,13.2,21.5,16.2,25.3,53.6,6.0,9.0,5.2,61.1,70.4,62.0,5.3,35.9,29.4,16.2,65.2,8.2,30.5,2.7,18.3,71.0,10.8,25.0,81.7,11.0,31.9,2.4,13.1,"(35.28730793500, -106.697981552)"
NM,Santa Fe,3570500,67947,17.8,20.4,14.3,22.8,51.2,5.9,9.1,4.9,59.0,70.4,58.4,4.9,35.6,27.1,16.0,66.9,7.9,28.4,2.8,17.0,70.8,10.9,19.4,82.0,11.2,27.1,2.4,11.1,"(35.66627196010, -105.972662995)"
NY,Albany,3601000,97856,14.8,25.7,15.5,33.4,62.4,5.8,10.9,6.0,73.8,78.2,62.4,7.1,31.7,28.6,19.0,60.6,10.9,33.8,2.2,26.1,76.6,13.2,31.1,80.8,13.1,39.7,3.3,16.5,"(42.66639696040, -73.7986826267)"
NY,Buffalo,3611000,261310,18.3,27.6,15.6,34.5,63.8,5.6,11.9,6.8,75.8,75.9,58.9,8.6,25.4,24.5,22.8,54.7,12.8,33.0,2.6,31.2,77.6,15.2,36.3,79.7,15.6,43.6,4.1,22.6,"(42.90145182330, -78.8475237264)"
NY,Mount Vernon,3649121,67292,16.4,24.5,14.2,37.5,63.8,5.4,11.4,5.7,74.2,79.7,62.4,6.4,25.8,28.4,18.0,56.4,12.5,33.4,2.5,28.0,79.9,13.2,33.5,83.2,13.1,46.7,3.7,17.5,"(40.91360085690, -73.8291001676)"
NY,New Rochelle,3650617,77062,14.9,21.6,16.8,30.7,59.3,5.6,9.5,5.2,70.4,79.1,65.2,5.3,30.6,32.9,14.4,64.9,9.3,33.8,2.1,23.3,79.1,11.1,26.7,83.8,10.9,39.9,2.6,13.1,"(40.93217131410, -73.7843883178)"
NY,New York,3651000,8175133,18.3,22.4,15.5,30.7,59.0,5.3,10.2,5.6,74.3,77.0,62.2,6.0,28.6,26.3,16.8,61.3,11.2,34.1,2.3,28.8,77.9,12.6,26.3,80.7,13.1,41.0,3.1,15.9,"(40.69496068900, -73.9313850409)"
NY,Rochester,3663000,210565,20.3,26.9,14.3,38.0,65.0,5.7,12.2,6.9,70.4,76.6,59.1,8.6,26.6,28.1,22.8,55.1,13.3,32.8,2.6,30.1,77.5,15.6,38.6,79.2,16.0,42.4,4.2,22.7,"(43.16798029180, -77.6162348882)"
NY,Schenectady,3665508,66135,17.4,26.0,16.0,31.9,60.8,5.9,11.5,6.5,72.4,76.5,60.3,8.3,28.6,29.4,23.2,58.0,10.8,36.3,2.2,28.6,73.9,15.0,32.5,79.0,14.8,41.6,3.5,19.2,"(42.80252044140, -73.9275333869)"
NY,Syracuse,3673000,145170,19.1,27.2,14.8,33.3,62.3,5.9,12.1,7.0,72.6,75.0,60.4,9.1,28.5,25.6,24.1,54.9,11.8,36.0,2.4,30.7,75.1,15.8,33.7,77.8,16.0,39.7,4.0,21.0,"(43.04092020970, -76.1437679213)"
NY,Yonkers,3684000,195976,18.1,22.4,16.0,30.8,59.5,5.5,9.8,5.5,69.6,78.5,61.6,5.8,29.7,31.7,16.0,60.7,10.2,34.1,2.2,26.5,77.3,12.3,28.2,81.4,12.4,41.2,2.8,14.1,"(40.94650255970, -73.8636959965)"
NC,Asheville,3702140,83393,16.7,24.0,14.9,33.3,60.8,6.2,8.4,6.1,74.8,76.2,69.6,6.3,36.8,40.9,19.0,67.5,8.7,33.5,2.3,20.1,81.2,11.4,26.4,84.6,11.2,30.3,2.9,13.9,"(35.57082513910, -82.5537350816)"
NC,Cary,3710740,135234,12.2,20.1,15.9,25.8,56.1,5.9,6.9,5.0,72.2,79.0,74.2,4.3,43.6,43.8,12.8,73.6,6.8,31.6,2.0,14.4,83.9,8.5,21.2,87.5,8.0,27.9,2.1,9.4,"(35.78149787220, -78.8152191642)"
NC,Charlotte,3712000,731424,19.8,24.3,14.7,34.7,61.5,5.8,8.4,6.1,74.6,77.1,67.9,6.1,38.2,38.5,16.8,62.2,10.3,36.0,2.7,20.5,79.8,11.4,27.8,85.1,11.4,34.0,3.3,15.8,"(35.20787219690, -80.8300754645)"
NC,Concord,3714100,79066,19.5,24.6,14.0,33.8,62.0,6.0,8.5,6.5,73.3,76.3,67.1,6.9,39.0,36.1,20.1,60.5,9.4,34.7,2.5,22.5,80.7,12.1,28.2,83.9,12.3,33.5,3.1,18.5,"(35.39393169580, -80.6352429349)"
NC,Durham,3719000,228330,20.4,23.8,13.2,35.0,63.5,5.7,8.8,6.3,76.6,77.8,69.6,6.2,39.2,38.8,17.0,65.0,10.8,31.8,2.6,22.8,84.1,11.6,31.3,85.5,11.8,33.5,3.5,16.4,"(35.98091474020, -78.9059161097)"
NC,Fayetteville,3722920,200564,19.2,27.5,13.3,38.8,63.7,5.7,8.9,6.6,78.3,76.6,68.2,6.7,37.0,39.9,21.0,63.1,11.8,31.7,2.7,24.1,81.5,12.4,34.6,84.8,12.5,39.9,3.6,18.4,"(35.08513095270, -78.9791676456)"
NC,Gastonia,3725580,71741,24.6,28.0,13.3,35.8,64.1,6.0,9.6,7.1,73.3,74.6,63.4,8.3,34.3,35.3,24.8,54.5,11.2,37.0,2.7,28.3,76.6,14.1,32.6,81.8,14.5,38.7,3.7,22.2,"(35.24729844310, -81.1836588468)"
NC,Greensboro,3728000,269666,20.6,23.8,13.6,35.7,63.7,5.7,8.9,6.3,75.3,76.5,68.2,6.7,38.5,37.6,19.8,59.2,10.7,34.2,2.7,22.7,80.6,12.2,32.8,83.2,12.1,35.0,3.5,16.6,"(36.09604804150, -79.8276833061)"
NC,Greenville,3728080,84554,19.8,25.8,12.4,38.9,65.2,5.8,9.3,6.8,76.4,75.8,66.6,7.3,36.0,36.6,20.4,60.8,11.3,35.5,2.7,24.6,79.3,12.9,32.0,83.1,13.2,35.7,3.8,18.2,"(35.59592118760, -77.3766133673)"
NC,High Point,3731400,104371,22.7,24.5,13.6,35.0,63.3,5.7,9.1,6.7,74.3,75.9,65.9,7.5,37.5,36.0,21.5,57.0,11.1,34.5,2.7,24.6,79.0,13.1,32.7,81.2,13.3,35.2,3.7,19.2,"(35.98812438030, -79.9932956384)"
NC,Jacksonville,3734200,70145,19.9,25.5,14.6,36.8,61.3,5.9,8.4,6.5,74.3,75.5,68.8,6.8,38.7,38.0,21.5,62.0,10.3,35.2,2.5,24.2,80.4,12.3,31.6,83.7,12.5,36.7,3.3,17.8,"(34.73311030370, -77.3951822819)"
NC,Raleigh,3755000,403892,17.8,22.8,14.5,30.4,59.9,5.8,8.1,5.8,72.7,77.6,70.4,5.6,40.7,39.5,16.7,64.8,9.2,32.2,2.4,18.6,82.8,10.8,27.4,85.8,10.6,31.7,2.9,13.1,"(35.83220809330, -78.6440243809)"
NC,Wilmington,3774440,106476,19.5,25.3,15.1,34.7,62.3,6.0,8.7,6.4,75.0,76.7,67.6,6.7,40.8,40.4,18.8,65.0,9.5,34.8,2.4,20.5,81.8,12.4,28.2,83.6,12.2,32.5,3.2,15.5,"(34.21027585690, -77.8872842368)"
NC,Winston-Salem,3775000,229617,23.8,25.6,12.7,34.1,66.0,5.8,9.1,6.7,75.4,76.1,66.6,7.2,41.0,41.0,20.5,60.7,11.6,35.1,2.7,24.8,81.1,13.0,34.8,81.5,13.3,36.3,3.7,17.5,"(36.10294530390, -80.2609889241)"
ND,Fargo,3825700,105549,9.9,21.7,23.0,30.4,60.5,5.9,8.3,5.7,67.4,72.6,63.9,4.5,39.7,37.1,17.7,71.7,7.5,30.8,2.1,18.9,79.0,8.1,31.7,82.4,8.3,29.0,2.5,10.3,"(46.86524578320, -96.8289882328)"
OH,Akron,3901000,199110,17.6,29.0,14.8,36.2,66.9,5.7,11.6,7.5,70.1,72.9,56.6,9.4,28.8,26.9,26.8,51.3,13.0,33.0,3.3,31.0,70.1,15.3,37.3,74.7,15.5,44.1,3.9,23.6,"(41.08014449420, -81.5219213688)"
OH,Canton,3912000,73007,19.2,30.5,15.6,36.5,65.1,5.9,11.8,7.9,69.3,70.9,55.4,10.3,30.9,26.7,28.1,50.9,13.3,34.3,3.3,32.6,71.6,16.5,38.6,73.7,16.5,41.5,4.0,24.3,"(40.80801926620, -81.3676594998)"
OH,Cincinnati,3915000,296943,17.3,28.7,15.9,36.9,65.0,5.7,11.4,7.3,72.7,73.2,61.1,8.8,32.9,25.0,24.0,58.1,13.8,32.8,3.6,27.0,74.6,14.7,36.5,78.3,14.9,38.9,4.2,22.3,"(39.14117471240, -84.5060004524)"
OH,Cleveland,3916000,396815,23.3,31.8,15.2,38.7,67.1,5.5,13.1,8.3,73.1,72.8,54.6,10.8,26.5,21.1,27.9,48.7,16.8,32.4,4.1,34.2,74.1,17.2,42.1,73.3,18.4,45.4,5.1,28.7,"(41.47653458210, -81.6805494865)"
OH,Columbus,3918000,787033,14.8,27.7,17.0,34.4,64.4,6.0,10.8,7.0,71.9,74.9,62.9,8.2,31.5,29.9,21.7,63.2,12.4,34.7,3.2,27.0,76.4,13.6,35.0,80.0,13.7,40.2,3.6,19.8,"(39.98595004840, -82.9851738516)"
OH,Dayton,3921000,141527,20.5,32.7,13.6,38.8,66.7,5.6,12.7,8.6,70.8,72.1,57.2,10.7,29.6,22.6,28.7,48.5,15.9,33.6,3.8,32.2,73.4,17.0,47.2,74.8,17.9,45.7,4.9,27.5,"(39.77976803900, -84.1997930517)"
OH,Parma,3961000,81601,11.9,27.1,21.3,27.1,59.3,5.9,10.2,6.4,70.4,76.2,65.0,7.6,35.5,30.7,21.9,67.7,9.2,31.0,2.7,22.6,76.4,12.7,29.8,80.1,11.8,36.5,2.7,15.0,"(41.38423998380, -81.7285991530)"
OH,Toledo,3977000,287208,18.3,30.1,17.4,36.2,66.1,5.8,11.5,7.8,68.6,71.8,57.6,9.7,28.8,31.0,25.5,57.0,13.3,31.4,3.3,32.5,73.0,15.7,41.0,75.7,15.9,40.2,3.9,21.3,"(41.66373996040, -83.5823818449)"
OH,Youngstown,3988000,66982,24.8,30.9,14.4,39.6,67.4,5.6,12.2,8.6,70.9,69.2,53.3,11.1,28.0,22.2,30.2,45.2,16.2,33.4,3.8,36.5,71.0,17.7,43.8,72.4,19.1,46.0,4.9,28.7,"(41.09932866070, -80.6463187081)"
OK,Broken Arrow,4009050,98850,11.9,22.6,15.3,32.2,60.9,5.9,9.0,6.0,62.5,73.1,64.4,6.0,42.3,42.0,18.2,61.7,8.7,34.1,2.3,23.0,70.1,11.9,27.2,80.1,11.2,33.9,2.5,13.9,"(36.03663249110, -95.7809572414)"
OK,Edmond,4023200,81405,11.2,21.2,15.2,30.8,59.5,6.1,9.0,5.6,63.4,73.3,65.7,5.4,42.6,43.6,15.4,68.0,7.7,33.9,2.2,20.1,75.6,10.9,26.8,82.8,9.9,31.8,2.3,12.1,"(35.66893505160, -97.4159205309)"
OK,Lawton,4041850,96867,18.1,27.5,12.7,37.6,63.6,5.8,10.3,7.2,65.5,71.6,53.2,8.0,37.5,35.4,23.3,50.2,12.0,34.0,2.7,31.3,67.6,14.3,35.4,73.5,15.1,39.3,3.4,23.1,"(34.61705648990, -98.4203934803)"
OK,Norman,4052500,110925,13.8,25.5,14.3,35.4,60.8,6.0,9.7,6.4,60.6,72.6,61.0,6.7,41.6,36.6,19.6,62.5,9.3,36.2,2.3,26.3,71.5,12.7,30.6,76.2,12.5,34.0,2.7,14.8,"(35.23350326470, -97.3470413838)"
OK,Oklahoma City,4055000,579999,19.6,24.2,13.4,34.7,61.9,5.8,10.1,6.9,62.5,71.5,57.8,7.4,37.8,37.3,20.5,56.3,10.9,34.9,2.6,28.5,71.6,13.8,32.4,77.3,14.1,35.9,3.2,19.3,"(35.46756428800, -97.5137615524)"
OK,Tulsa,4075000,391906,18.4,24.3,13.4,36.1,63.9,5.8,10.0,6.9,61.9,70.7,60.1,7.5,40.4,38.6,21.4,52.8,11.1,34.6,2.6,28.1,67.1,14.2,31.7,76.0,14.4,36.6,3.3,18.3,"(36.12842134250, -95.9036195464)"
OR,Beaverton,4105350,89803,12.7,22.4,17.3,27.7,54.3,6.4,8.8,5.1,63.5,72.3,64.2,5.0,30.8,31.8,14.4,67.1,8.2,32.5,2.9,15.3,77.9,11.2,25.1,82.1,11.3,32.2,2.5,12.2,"(45.47957656740, -122.814973469)"
OR,Bend,4105800,76639,11.0,23.1,20.1,27.8,50.4,6.8,9.0,5.3,60.9,71.9,66.0,5.2,37.3,30.2,16.0,68.7,7.4,32.4,2.8,14.6,76.8,11.5,26.1,82.9,11.1,30.0,2.5,11.4,"(44.05618271840, -121.308690416)"
OR,Eugene,4123850,156185,13.2,23.7,18.9,28.6,53.6,6.7,9.6,5.5,58.0,68.0,64.6,5.9,34.6,32.0,17.7,65.1,7.9,32.8,3.1,14.9,77.3,12.7,28.7,79.7,12.3,31.4,2.7,10.5,"(44.05593633460, -123.117327584)"
OR,Gresham,4131250,105594,17.5,24.2,20.1,27.4,51.6,6.6,10.2,5.9,57.7,70.7,61.6,6.6,32.4,28.0,22.0,60.4,9.5,31.3,3.2,18.9,75.0,13.9,26.9,78.7,14.5,31.1,3.0,17.5,"(45.50242567980, -122.441469029)"
OR,Hillsboro,4134100,91611,14.3,22.8,17.7,27.5,54.0,6.4,8.9,5.3,63.1,72.4,63.5,5.3,30.4,32.1,15.5,65.5,8.6,32.4,3.1,16.2,77.5,11.7,26.0,82.2,11.9,32.8,2.6,13.0,"(45.52902799400, -122.937442209)"
OR,Medford,4147000,74907,17.0,24.5,19.2,28.9,52.9,6.6,9.9,6.2,58.0,69.0,58.5,6.9,31.4,26.4,22.6,57.2,9.0,30.8,3.1,20.3,73.5,14.2,29.7,78.4,14.8,33.1,3.0,16.9,"(42.33719875840, -122.853625909)"
OR,Portland,4159000,583776,12.6,22.4,20.4,27.4,51.6,6.5,9.6,5.3,59.1,71.3,65.0,5.3,34.1,30.4,17.9,66.9,8.6,31.1,3.0,15.4,77.6,11.7,24.3,81.2,12.0,29.2,2.7,13.4,"(45.53718065400, -122.650032751)"
OR,Salem,4164900,154637,17.0,24.3,17.6,31.0,52.7,6.5,9.6,6.0,60.5,68.3,62.4,6.3,31.1,29.5,19.0,61.9,9.3,31.0,3.1,18.5,77.0,13.4,32.6,78.3,13.9,31.8,2.9,14.7,"(44.92327315400, -123.024867100)"
PA,Allentown,4202000,118032,25.8,28.4,15.4,33.6,63.1,5.9,10.9,7.2,67.1,69.2,56.6,8.0,33.2,28.6,24.3,53.4,13.2,33.6,3.0,32.3,74.1,15.7,36.6,76.5,16.3,42.3,3.5,20.4,"(40.59609961800, -75.4755373968)"
PA,Bethlehem,4206088,74982,17.1,26.7,17.0,32.4,62.0,6.0,10.2,6.2,68.7,71.9,62.9,6.5,33.9,31.1,21.2,61.6,10.6,33.2,2.5,26.2,76.6,13.4,33.6,79.7,12.5,38.7,2.8,15.1,"(40.62664025780, -75.3679048175)"
PA,Erie,4224000,101786,17.7,28.7,16.9,34.1,63.5,6.2,11.3,7.2,70.2,70.9,61.2,8.6,31.4,29.3,27.6,57.2,11.7,34.9,2.6,26.1,74.5,15.8,36.0,75.7,14.8,37.3,3.6,21.5,"(42.11646987540, -80.0730358517)"
PA,Philadelphia,4260000,1526006,20.1,27.4,17.5,34.7,66.7,5.7,11.5,6.7,72.3,73.5,62.5,7.4,29.3,29.3,25.5,55.3,13.2,33.3,3.0,29.0,79.9,15.4,33.9,78.4,15.2,44.3,4.0,18.9,"(40.00931478080, -75.1333888571)"
PA,Pittsburgh,4261000,305704,13.5,29.0,18.9,31.3,64.5,6.0,10.6,6.4,71.2,73.3,60.8,6.9,33.5,25.9,23.1,60.3,11.0,29.6,2.4,24.6,76.4,13.3,33.1,79.6,12.7,40.5,3.4,17.2,"(40.43962974860, -79.9762614995)"
PA,Reading,4263624,88082,33.7,31.2,12.9,35.4,64.0,5.5,11.5,8.5,68.5,65.7,48.4,9.4,27.2,23.3,28.0,47.8,16.1,35.9,3.4,37.1,70.5,18.2,41.7,71.6,20.1,41.3,4.3,27.3,"(40.33996786860, -75.9266128837)"
PA,Scranton,4269000,76089,16.2,29.0,16.5,33.4,62.7,6.2,10.8,6.9,70.5,72.2,58.5,7.9,33.1,26.9,25.2,59.2,10.5,31.9,2.5,27.3,73.3,14.8,32.1,76.1,14.1,39.6,3.2,18.8,"(41.40437293620, -75.6649126898)"
RI,Cranston,4419180,80387,9.8,24.2,18.8,30.8,61.2,6.1,10.9,5.4,80.4,80.2,71.5,5.7,34.6,35.7,18.1,70.5,8.4,33.4,2.1,24.0,85.1,11.8,25.5,86.4,10.9,38.7,2.5,13.4,"(41.76580171350, -71.4861485002)"
RI,Pawtucket,4454640,71148,14.9,26.9,16.5,33.7,63.1,6.0,12.7,6.5,79.9,78.8,65.2,7.7,31.1,30.5,22.3,61.4,10.8,34.1,2.5,30.3,82.2,15.0,30.3,83.4,14.6,42.2,3.3,19.3,"(41.87445345170, -71.3743580803)"
RI,Providence,4459000,178042,18.5,26.3,14.9,35.9,64.2,5.6,12.2,6.5,79.8,76.8,62.2,7.0,30.3,28.9,20.2,58.9,12.7,35.1,2.8,32.2,82.3,14.6,31.6,81.8,15.4,42.4,3.4,18.8,"(41.82348053300, -71.4218129335)"
RI,Warwick,4474300,82672,8.0,25.8,20.0,30.2,57.9,6.3,10.4,5.4,80.6,80.9,72.8,5.7,36.3,38.5,18.3,72.1,7.7,31.0,2.0,22.0,84.7,11.5,28.9,86.4,10.7,36.5,2.4,13.1,"(41.70647273010, -71.4345615049)"
SC,Charleston,4513330,120083,15.0,24.3,19.9,32.5,64.7,6.3,8.4,5.5,69.0,77.8,69.5,5.7,44.6,36.5,17.4,66.1,9.8,35.9,2.3,19.4,79.8,11.5,28.0,84.1,10.5,34.7,3.0,13.1,"(32.81369618920, -79.9673818990)"
SC,Columbia,4516000,129272,20.8,27.5,15.9,37.2,66.4,6.2,9.1,6.5,68.5,77.3,64.9,7.2,36.8,34.5,20.3,56.7,13.2,35.9,2.6,24.9,79.6,13.6,34.4,81.8,13.8,40.9,4.0,17.6,"(34.03660695660, -80.9037852694)"
SC,Mount Pleasant,4548535,67843,10.0,22.0,22.9,27.5,61.2,6.6,7.3,4.8,68.5,79.4,73.6,4.4,49.2,41.8,13.7,75.3,7.1,35.1,1.9,14.6,80.8,9.3,22.7,87.1,7.9,30.3,2.1,8.3,"(32.85382745840, -79.8230343029)"
SC,North Charleston,4550875,97471,25.2,28.1,16.8,37.4,67.6,6.0,9.7,7.0,69.5,76.6,61.5,8.1,38.2,30.0,23.7,52.0,13.7,36.7,2.8,28.4,76.3,14.9,35.5,79.4,15.0,40.6,4.3,22.1,"(32.91009150710, -80.0738525014)"
SC,Rock Hill,4561405,66154,20.1,27.6,14.6,40.6,65.3,6.1,9.4,6.3,66.7,76.9,63.3,7.2,32.1,32.0,21.7,57.5,12.0,34.6,2.5,24.2,73.2,13.5,33.8,80.8,13.4,40.0,3.5,17.3,"(34.94036114960, -81.0249178286)"
SD,Rapid City,4652980,67956,12.7,24.3,17.9,29.4,60.9,6.2,8.7,6.4,66.4,70.6,63.1,5.8,45.2,35.0,22.1,65.9,8.2,28.3,2.2,20.3,74.8,9.4,28.1,82.6,10.5,28.6,2.9,15.2,"(44.07050095640, -103.218361421)"
SD,Sioux Falls,4659020,153888,11.8,22.7,18.7,28.1,60.8,6.1,8.5,6.0,70.1,72.6,66.2,5.3,42.6,36.3,19.0,69.4,7.7,30.0,2.0,19.8,79.1,8.6,30.5,85.4,9.2,27.4,2.7,14.8,"(43.53880675370, -96.7313495858)"
TN,Chattanooga,4714000,167674,18.5,27.7,11.0,39.2,67.3,6.1,9.9,7.2,74.5,76.3,61.6,8.5,35.1,35.3,24.1,54.2,12.6,31.6,3.1,29.2,80.4,15.4,35.1,83.2,15.6,38.1,3.8,22.1,"(35.06624721650, -85.2466771892)"
TN,Clarksville,4715160,132929,16.2,28.1,11.7,38.2,65.5,6.2,9.4,7.0,75.8,76.6,63.4,7.9,35.8,37.2,23.2,56.9,11.4,33.3,2.9,28.2,80.0,14.3,30.8,83.7,14.3,38.3,3.3,19.5,"(36.56968315900, -87.3432371614)"
TN,Knoxville,4740000,178874,17.4,29.7,10.8,35.7,66.6,6.5,10.0,7.1,74.7,76.9,62.6,8.6,38.3,39.8,25.4,56.4,11.2,31.8,3.0,27.7,77.1,15.2,32.4,82.8,15.6,39.0,3.4,21.1,"(35.96905945310, -83.9495877264)"
TN,Memphis,4748000,646889,22.6,28.3,9.6,42.2,69.1,5.8,10.9,7.5,78.2,76.4,61.3,8.9,29.6,32.8,24.4,49.5,14.9,33.1,3.4,31.6,79.0,16.2,36.3,83.9,17.0,39.8,4.6,26.7,"(35.10462950420, -89.9789060850)"
TN,Murfreesboro,4751560,108755,14.6,27.3,12.4,36.9,65.3,6.4,9.1,6.6,75.0,76.8,65.0,7.4,39.3,37.3,21.7,59.1,10.2,32.1,2.8,24.5,80.3,13.5,29.9,84.3,13.3,36.7,2.9,18.7,"(35.85077819500, -86.4086282380)"
TN,Nashville,4752006,601222,17.2,26.6,12.3,35.9,67.4,6.2,9.6,6.9,74.9,76.9,63.0,7.7,35.9,36.0,22.6,56.9,11.3,31.8,2.9,26.7,81.2,13.9,31.1,84.2,14.4,36.3,3.3,19.6,"(36.17122299040, -86.7845944773)"
TX,Abilene,4801000,117063,24.7,22.4,16.2,31.6,60.6,6.0,8.9,6.3,67.3,72.6,58.5,6.7,31.6,30.9,19.6,55.0,10.9,34.4,3.3,27.7,74.5,11.6,33.7,76.3,12.6,35.4,3.1,14.3,"(32.45465108980, -99.7383043723)"
TX,Allen,4801924,84246,13.0,18.8,18.7,27.1,58.2,6.1,7.4,4.6,71.4,78.5,67.5,4.2,35.5,38.1,12.0,71.7,7.8,30.2,2.7,18.8,80.0,7.9,24.2,83.0,7.8,32.1,2.1,8.6,"(33.10870432340, -96.6735373763)"
TX,Amarillo,4803000,190695,24.8,21.7,16.5,30.8,61.1,6.0,8.7,6.0,66.7,72.4,59.6,6.3,32.6,33.0,18.5,57.1,10.4,33.5,3.2,27.9,74.8,11.3,32.0,76.2,12.0,32.9,2.9,14.6,"(35.20038355440, -101.828292514)"
TX,Arlington,4804000,365438,24.1,21.2,15.3,32.4,61.7,5.9,8.9,5.7,68.5,74.9,62.9,6.0,35.3,34.8,17.0,58.4,10.9,32.9,3.2,26.0,75.9,10.6,32.2,79.2,11.5,35.5,2.9,13.2,"(32.69983686200, -97.1250896120)"
TX,Austin,4805000,790390,20.9,17.8,18.9,28.5,58.1,5.7,7.7,5.3,67.2,74.4,61.1,5.0,34.1,31.9,13.2,63.7,9.7,33.5,2.8,21.4,77.1,9.6,26.0,82.6,10.2,29.0,2.6,10.4,"(30.30686103420, -97.7554771245)"
TX,Baytown,4806128,71802,30.9,21.6,15.8,33.4,61.7,5.5,8.8,6.4,67.8,73.3,56.5,6.9,28.5,29.8,18.2,53.1,12.3,34.7,3.2,30.0,75.1,12.2,34.4,76.6,13.3,35.9,3.4,16.6,"(29.75711530430, -94.9676276217)"
TX,Beaumont,4807000,118296,26.2,23.2,15.0,36.7,66.3,5.6,9.7,6.3,71.2,72.0,59.1,6.9,28.1,29.5,20.9,51.9,13.4,33.2,3.7,30.4,76.3,12.1,37.4,77.2,13.3,38.1,4.0,18.2,"(30.08441664700, -94.1441072222)"
TX,Brownsville,4810768,175023,46.7,20.7,12.8,33.7,60.7,4.3,8.4,7.2,63.4,65.3,44.9,6.3,27.3,20.0,17.7,44.3,16.9,35.8,3.6,37.7,67.5,13.2,39.9,72.4,17.4,35.1,3.5,19.6,"(25.99819778610, -97.4566343763)"
TX,Bryan,4810912,76201,28.7,21.5,14.5,33.3,63.1,5.7,9.1,6.4,70.0,72.7,60.9,6.8,34.9,31.3,18.2,61.1,12.6,33.3,3.5,29.2,76.3,12.3,34.8,76.4,13.7,33.6,3.5,14.1,"(30.66656875820, -96.3663819223)"
TX,Carrollton,4813024,119097,21.3,19.6,16.4,28.9,59.1,5.7,7.8,5.2,69.5,74.8,62.6,5.0,35.1,34.8,14.5,62.9,9.6,33.3,3.0,23.8,78.4,9.4,26.8,78.8,9.9,31.8,2.5,11.3,"(32.98843845900, -96.9001374330)"
TX,College Station,4815976,93857,17.4,19.4,15.4,31.1,62.2,6.1,8.1,5.5,70.6,73.1,67.4,5.4,38.9,34.9,13.9,71.2,9.5,33.0,3.0,21.8,78.6,9.8,28.3,77.8,10.2,30.3,2.7,9.7,"(30.58676158010, -96.2957958614)"
TX,Corpus Christi,4817000,305215,29.3,22.0,17.0,31.7,59.9,5.3,8.2,6.0,67.3,71.0,57.6,5.6,29.0,27.2,17.7,56.7,12.6,33.6,3.2,29.0,78.6,10.8,37.3,79.2,12.8,35.4,2.9,14.2,"(27.72915883370, -97.4019095379)"
TX,Dallas,4819000,1197816,31.6,21.9,15.2,34.9,62.0,5.5,9.1,6.4,68.6,70.3,57.8,6.5,32.4,30.5,17.9,53.5,13.2,33.9,3.6,30.5,77.5,11.9,34.3,76.4,13.8,34.9,3.7,17.3,"(32.79398040660, -96.7656929463)"
TX,Denton,4819972,113383,21.1,21.6,16.4,30.1,60.9,6.1,8.5,5.6,69.4,75.6,61.3,6.0,35.4,33.2,16.9,59.4,9.7,34.0,3.2,24.1,76.5,10.5,29.9,77.2,11.0,32.3,2.8,12.1,"(33.21561604430, -97.1412438684)"
TX,Edinburg,4822660,77100,39.5,20.0,14.3,31.5,59.7,4.3,7.7,6.2,65.2,66.3,51.0,5.2,29.3,26.8,13.7,55.1,15.1,34.7,3.4,30.1,71.4,11.2,36.5,75.8,14.2,31.9,3.0,13.3,"(26.31558439740, -98.1637130371)"
TX,El Paso,4824000,649121,35.5,20.1,16.3,31.0,60.8,4.5,7.9,6.2,66.3,69.6,52.0,5.2,25.2,24.7,15.6,54.0,14.9,32.5,3.2,29.0,75.1,11.1,35.5,78.1,13.8,34.0,3.0,14.4,"(31.84811235060, -106.432021874)"
TX,Fort Worth,4827000,741206,27.0,22.0,15.3,33.6,61.9,5.7,9.2,6.2,68.0,74.5,59.6,6.6,32.6,31.4,18.0,55.4,12.5,33.2,3.4,28.3,74.8,11.4,34.2,78.5,13.0,36.1,3.4,17.0,"(32.78019280400, -97.3470323225)"
TX,Frisco,4827684,116989,11.9,18.4,18.8,26.8,58.1,6.1,7.3,4.4,71.6,78.9,68.4,3.9,36.8,38.6,11.2,73.2,7.5,30.9,2.7,17.3,80.7,7.5,23.7,84.2,7.3,30.4,2.0,7.6,"(33.15075451520, -96.8201336312)"
TX,Garland,4829000,226876,28.8,21.2,15.6,31.7,60.0,5.6,8.6,6.0,67.9,70.9,59.2,6.3,33.5,32.2,17.4,56.2,11.5,33.6,3.3,29.2,77.0,11.3,30.8,76.1,12.6,34.0,3.1,15.5,"(32.91007998670, -96.6304258603)"
TX,Grand Prairie,4830464,175396,27.4,21.0,15.6,32.5,60.7,5.5,8.6,6.0,68.8,72.4,59.9,6.0,32.6,31.1,16.4,57.2,11.9,33.3,3.4,28.2,77.3,10.8,32.0,78.8,12.2,34.6,3.1,16.0,"(32.68676502380, -97.0209311916)"
TX,Houston,4835000,2099451,31.1,20.5,14.9,35.1,62.9,5.2,8.5,6.1,68.9,72.8,57.6,6.1,28.4,30.2,16.4,53.9,13.0,34.8,3.2,29.7,77.2,11.4,33.9,76.5,12.9,36.0,3.5,16.0,"(29.78066913960, -95.3860033966)"
TX,Irving,4837000,216290,27.3,20.7,15.2,31.9,59.9,5.5,8.3,6.1,68.0,70.4,58.0,6.2,33.3,31.4,15.9,57.8,11.5,33.9,3.3,28.3,76.5,10.7,29.7,76.4,12.4,33.1,3.1,16.1,"(32.85838081310, -96.9703058323)"
TX,Killeen,4839148,127921,22.4,22.8,14.7,35.3,63.6,5.5,8.9,6.0,72.0,73.3,59.3,6.1,33.3,29.4,19.1,57.5,12.5,33.4,3.5,28.7,76.4,11.1,33.8,77.5,12.2,37.8,3.4,14.4,"(31.07576481430, -97.7285651299)"
TX,Laredo,4841464,236091,44.2,21.2,13.6,33.2,60.8,4.1,8.2,7.0,64.9,65.7,45.1,5.8,24.6,20.1,16.9,46.1,16.8,34.6,3.5,37.6,70.2,12.5,38.6,73.9,17.0,33.3,3.4,19.2,"(27.54825724750, -99.4867797312)"
TX,League City,4841980,83560,13.9,19.4,17.6,28.1,59.0,6.2,7.4,4.8,69.7,76.6,67.7,4.4,36.2,37.9,13.7,72.2,8.0,31.9,2.8,18.3,81.2,8.2,26.8,84.3,8.0,31.0,2.2,8.8,"(29.48729958080, -95.1089858945)"
TX,Lewisville,4842508,95290,20.2,20.8,16.8,28.6,59.6,5.8,8.1,5.4,70.2,77.3,61.3,5.5,33.9,32.6,15.6,61.3,9.7,33.3,3.1,23.8,77.0,9.7,28.3,79.2,10.4,32.3,2.6,13.2,"(33.04519924290, -96.9829273031)"
TX,Longview,4843888,80455,24.8,22.9,16.0,33.7,61.9,6.0,9.4,6.2,66.9,72.8,59.8,6.9,32.4,31.6,20.6,53.5,11.4,33.9,3.4,28.7,74.3,11.9,35.7,77.3,12.8,36.0,3.4,15.2,"(32.51928578560, -94.7621975980)"
TX,Lubbock,4845000,229573,24.7,22.4,16.3,31.8,60.8,5.8,8.5,6.0,67.4,71.3,59.3,6.0,34.0,31.3,18.2,57.5,10.9,33.4,3.2,27.8,75.4,11.0,33.0,77.4,12.0,33.5,3.0,13.3,"(33.56662511780, -101.886335663)"
TX,McAllen,4845384,129877,38.0,20.1,14.3,31.1,59.5,4.4,7.8,6.2,65.4,66.6,51.4,5.3,29.6,26.7,13.3,56.3,14.6,34.6,3.4,29.5,71.0,11.1,35.6,75.6,14.0,31.4,3.0,14.2,"(26.21862899420, -98.2451704536)"
TX,McKinney,4845744,131117,16.3,19.9,18.9,28.2,58.8,6.1,7.8,5.0,70.9,77.9,65.7,4.8,34.8,35.8,13.5,68.3,8.6,30.4,2.9,20.9,78.9,8.8,27.0,82.8,9.0,32.8,2.4,11.2,"(33.19888869520, -96.6677029773)"
TX,Mesquite,4847892,139824,26.1,21.9,16.2,32.3,60.7,5.8,9.0,6.1,68.8,71.8,59.6,6.6,33.5,32.0,17.9,57.3,11.2,33.3,3.4,28.1,77.0,11.5,32.1,78.1,12.4,34.1,3.2,15.6,"(32.76413101660, -96.5927445114)"
TX,Midland,4848072,111147,23.1,20.6,17.6,31.1,59.2,5.8,8.1,5.6,67.9,74.2,61.7,5.4,32.4,32.7,16.9,60.4,10.2,31.1,3.1,25.8,76.4,10.1,32.1,81.1,10.8,33.7,2.7,12.7,"(32.02859483560, -102.109700973)"
TX,Mission,4848768,77058,39.9,20.3,14.4,30.8,59.2,4.6,7.8,6.3,65.2,66.8,51.7,5.5,30.6,28.5,13.9,55.5,14.3,34.4,3.4,30.1,70.9,11.4,35.8,75.5,14.1,31.7,3.0,14.6,"(26.20334064640, -98.3227705130)"
TX,Missouri City,4848804,67358,17.8,19.0,15.1,33.4,63.2,5.3,8.0,4.8,72.4,79.3,65.0,4.3,30.6,32.8,13.3,63.4,10.6,33.9,3.0,23.5,80.5,8.6,29.0,82.5,8.9,36.4,2.7,10.1,"(29.56367466100, -95.5382066661)"
TX,Odessa,4853388,99940,29.0,21.7,17.0,31.7,59.6,5.6,8.5,6.2,64.9,70.2,56.2,6.1,29.9,30.2,18.2,53.7,11.7,35.1,3.3,30.1,74.6,11.3,35.0,78.6,12.8,35.3,3.0,15.9,"(31.87945646100, -102.344465435)"
TX,Pasadena,4856000,149043,35.4,20.6,15.9,31.7,60.1,5.3,8.2,6.3,66.3,72.2,56.0,6.5,28.9,30.3,17.1,52.7,12.2,35.0,3.1,31.0,74.8,12.0,33.6,75.5,13.6,34.6,3.1,16.0,"(29.65895114880, -95.1509173148)"
TX,Pearland,4856348,91252,15.5,18.2,16.6,28.5,59.9,5.7,7.5,4.8,70.2,75.7,66.1,4.3,31.9,36.7,12.8,68.3,8.9,31.8,2.8,20.7,78.5,8.2,27.5,82.9,8.3,30.9,2.3,9.3,"(29.55848505770, -95.3208389111)"
TX,Pharr,4857200,70400,49.0,21.8,13.1,32.8,60.4,4.4,8.5,7.0,63.8,64.6,45.4,6.4,28.3,25.3,16.2,47.3,16.8,35.5,3.7,35.6,67.5,13.3,39.6,70.8,17.3,33.5,3.5,16.7,"(26.16881539900, -98.1904720704)"
TX,Plano,4858016,259841,14.7,18.6,17.7,27.4,58.5,6.0,7.3,4.6,71.3,77.7,66.7,4.1,35.7,38.1,11.8,70.5,8.0,30.5,2.7,19.6,79.8,7.9,24.0,81.9,7.9,32.3,2.1,8.6,"(33.05021492780, -96.7486409797)"
TX,Richardson,4861796,99223,16.2,18.8,17.2,29.2,58.8,6.0,7.5,4.8,69.7,73.7,66.4,4.5,37.6,38.0,12.7,68.8,8.3,32.3,2.9,20.6,80.2,8.4,24.7,80.6,8.6,30.9,2.3,9.1,"(32.97165823890, -96.7093052991)"
TX,Round Rock,4863500,99887,18.3,19.7,17.5,28.1,58.5,5.8,8.1,5.2,68.9,76.7,65.1,4.9,35.3,37.2,13.9,65.0,9.1,30.6,3.1,21.3,79.7,9.1,32.2,81.7,9.6,30.5,2.4,10.4,"(30.52395782350, -97.6669801882)"
TX,San Angelo,4864472,93200,26.6,22.0,16.8,31.8,60.5,5.8,8.5,6.1,66.4,72.1,56.4,6.3,30.9,31.1,18.7,55.6,11.3,33.5,3.2,28.7,74.0,11.2,34.2,76.8,12.3,33.5,2.9,14.9,"(31.44046874600, -100.452243142)"
TX,San Antonio,4865000,1327407,30.2,20.4,15.7,31.4,60.3,5.3,8.2,6.1,69.2,71.9,59.8,5.5,29.9,29.7,15.2,58.9,13.8,32.5,3.4,29.5,78.8,10.8,32.9,77.7,12.9,36.8,3.0,13.8,"(29.47214753330, -98.5246763525)"
TX,Sugar Land,4870808,78817,13.9,16.8,15.6,28.2,59.4,5.4,6.6,4.2,69.6,78.9,65.7,3.6,32.5,35.5,11.2,69.0,8.4,34.4,2.5,20.9,79.5,7.2,21.1,79.7,7.3,32.8,2.0,7.6,"(29.59746809020, -95.6274557750)"
TX,Tyler,4874144,96900,24.7,22.6,15.4,33.3,64.5,5.9,9.4,6.0,68.9,73.2,60.0,6.6,32.4,31.0,19.6,58.0,11.5,33.0,3.4,29.4,74.7,11.6,34.7,76.7,12.6,35.7,3.4,14.4,"(32.31540211830, -95.3050093799)"
TX,Waco,4876000,124805,29.7,23.9,15.1,36.5,64.2,5.7,9.7,6.5,67.1,70.9,56.3,7.4,29.0,30.2,20.8,49.1,13.1,34.7,3.6,31.6,74.3,12.8,36.4,74.5,14.4,35.9,3.7,17.2,"(31.55976071370, -97.1883333282)"
TX,Wichita Falls,4879000,104553,22.5,24.0,16.6,32.7,61.3,6.1,9.1,6.3,70.2,72.8,60.6,6.8,31.5,31.9,21.0,59.3,11.4,33.9,3.3,28.7,75.4,11.2,34.1,77.5,12.3,33.5,3.1,16.5,"(33.90727398380, -98.5292981697)"
UT,Layton,4943660,67311,13.1,22.4,9.5,27.0,53.3,5.8,9.0,4.9,59.2,71.8,70.4,4.1,41.8,31.2,9.7,71.2,7.7,33.0,2.4,16.9,73.3,10.0,27.0,77.9,10.0,32.0,2.5,10.6,"(41.07718161400, -111.961589302)"
UT,Ogden,4955980,82825,22.7,25.1,9.9,31.5,55.6,5.8,10.1,6.0,59.9,67.0,61.7,5.6,29.6,25.2,15.4,60.1,10.4,34.1,3.1,23.1,66.6,12.9,33.9,70.6,14.4,36.8,3.2,18.4,"(41.22815675350, -111.967450557)"
UT,Orem,4957300,88328,16.0,22.4,7.6,24.6,51.6,5.9,8.9,5.2,55.5,69.0,65.1,4.4,33.2,28.9,7.9,66.1,7.9,30.5,3.0,17.1,69.7,10.5,28.0,72.2,10.9,31.6,2.7,12.5,"(40.29871276250, -111.699188517)"
UT,Provo,4962470,112488,18.6,22.7,7.1,25.8,52.7,5.8,9.3,5.2,54.9,66.9,64.0,4.6,33.6,29.3,8.4,63.0,8.3,31.1,3.1,18.3,69.3,11.3,29.4,69.3,11.8,32.2,2.8,11.6,"(40.24571852880, -111.645715857)"
UT,St. George,4965330,72897,16.7,22.5,10.2,26.3,53.3,6.0,9.3,5.5,59.2,67.2,65.3,4.8,32.1,30.5,10.2,66.4,7.8,30.4,2.9,18.3,73.9,11.2,26.1,75.4,11.5,31.9,2.8,12.6,"(37.07874446340, -113.579352503)"
UT,Salt Lake City,4967000,186440,17.7,21.4,11.6,27.2,53.4,5.9,9.3,5.2,58.5,68.2,66.9,4.5,35.2,31.6,11.2,64.2,9.1,32.8,2.8,19.0,73.3,11.1,28.2,77.7,11.8,32.0,2.8,13.3,"(40.77784894650, -111.931220784)"
UT,Sandy,4967440,87461,11.0,20.2,13.5,24.4,51.4,6.1,8.7,4.6,59.8,71.5,72.8,3.8,37.4,34.9,9.8,72.2,7.1,31.5,2.5,15.0,76.4,9.6,24.7,82.6,9.1,30.2,2.3,10.5,"(40.57022544230, -111.852431062)"
UT,West Jordan,4982950,103712,14.3,21.0,13.0,24.7,51.6,6.0,9.0,4.9,59.2,71.0,70.0,4.2,35.7,33.3,11.1,68.1,8.1,31.6,2.7,17.4,74.9,10.6,26.5,80.9,10.4,31.9,2.5,12.2,"(40.60225986350, -112.000961848)"
UT,West Valley City,4983470,129480,22.9,22.9,11.2,27.3,53.2,5.7,9.8,5.9,57.5,67.9,62.5,5.5,31.5,27.4,13.7,57.2,10.5,32.9,3.1,23.6,70.1,12.9,30.4,74.7,14.0,34.7,3.3,19.2,"(40.68876969620, -112.011667394)"
VT,Burlington,5010675,42417,10.1,24.4,18.0,27.9,54.0,6.2,10.9,5.3,62.4,73.2,67.9,5.9,32.6,33.6,16.3,69.8,7.1,26.5,2.5,17.7,79.6,11.4,22.6,82.1,10.4,28.7,2.6,13.9,"(44.48762456940, -73.2314828365)"
VA,Alexandria,5101000,139966,12.3,21.4,15.1,27.5,61.4,5.7,8.3,4.7,72.9,80.0,72.0,4.3,38.8,37.7,13.0,75.2,8.1,30.9,2.2,17.6,83.4,8.4,23.3,87.6,8.4,34.5,2.3,8.9,"(38.81873515570, -77.0867762661)"
VA,Chesapeake,5116000,222209,13.6,25.0,15.2,34.6,63.2,5.8,9.2,5.6,76.7,79.4,70.5,5.9,39.9,34.3,19.0,71.8,9.4,32.8,2.4,23.3,82.2,10.3,31.4,86.4,10.4,37.8,2.8,13.4,"(36.67775211180, -76.3024325925)"
VA,Hampton,5135000,137436,17.1,26.2,13.9,35.1,66.6,5.6,10.1,6.1,77.0,77.6,66.6,6.6,35.3,33.0,22.2,65.2,11.7,31.3,2.6,26.0,82.4,11.7,37.7,84.2,12.1,44.4,3.5,16.1,"(37.05330090250, -76.3665945624)"
VA,Lynchburg,5147672,75568,18.3,26.7,14.2,33.6,64.9,5.8,10.1,6.3,73.1,75.6,63.9,7.4,35.3,32.7,22.1,61.5,10.9,33.9,2.6,27.1,78.1,12.5,32.2,81.5,12.9,38.1,3.5,16.6,"(37.40041630160, -79.1911081000)"
VA,Newport News,5156000,180719,17.4,26.0,14.8,34.6,65.0,5.6,9.7,6.0,75.8,77.1,66.0,6.5,35.3,33.1,22.3,63.8,10.8,33.0,2.5,25.6,82.2,11.5,32.8,84.6,12.0,41.7,3.3,15.2,"(37.10511413090, -76.5182644502)"
VA,Norfolk,5157000,242803,17.9,27.0,16.2,34.7,64.4,5.5,9.6,6.2,76.6,76.6,64.5,7.0,34.7,31.9,22.4,62.8,11.6,33.5,2.7,26.7,82.2,11.9,33.1,82.6,12.5,39.9,3.6,17.7,"(36.89328630060, -76.2567157761)"
VA,Portsmouth,5164000,95535,18.9,28.0,14.3,36.8,66.1,5.6,10.6,6.4,78.0,76.2,66.1,7.3,36.3,31.9,22.8,59.1,12.5,35.2,2.7,28.7,82.0,12.6,38.6,83.0,13.1,40.0,3.9,19.3,"(36.84514502280, -76.3552763467)"
VA,Richmond,5167000,204214,19.8,25.4,15.0,39.5,67.0,5.5,10.6,6.4,73.2,76.7,63.4,7.3,35.8,30.9,24.3,62.2,12.5,33.5,2.7,25.7,81.8,12.5,33.1,81.8,13.4,40.0,4.0,19.2,"(37.52939330830, -77.4755681680)"
VA,Roanoke,5168000,97032,19.5,26.5,14.9,35.1,64.2,5.7,10.1,6.5,72.2,75.2,62.8,7.7,39.7,32.3,24.2,61.2,11.0,34.1,2.7,27.6,77.0,12.8,32.7,80.7,13.4,39.1,3.5,17.0,"(37.27821818550, -79.9581615989)"
VA,Suffolk,5176432,84585,15.6,25.3,14.4,32.0,65.3,5.6,9.6,5.8,76.2,77.9,67.5,6.3,40.0,33.6,21.4,65.4,10.7,31.2,2.5,25.7,82.2,11.2,33.6,85.1,11.2,39.3,3.2,16.1,"(36.69303679810, -76.6414278469)"
VA,Virginia Beach,5182000,437994,12.7,23.9,17.1,29.8,60.9,5.8,8.6,5.3,73.6,79.7,72.3,5.3,36.2,37.3,18.6,71.6,8.4,34.0,2.3,21.4,81.1,9.8,29.5,86.0,9.6,36.1,2.5,11.2,"(36.75345933390, -76.0589579522)"
WA,Auburn,5303180,70180,14.7,24.7,18.5,27.9,51.0,6.4,10.4,5.9,59.5,72.1,63.4,6.6,30.5,32.1,17.6,63.9,8.9,30.3,2.9,18.7,72.6,12.6,27.0,78.2,13.4,33.4,3.0,14.5,"(47.30385443250, -122.210810557)"
WA,Bellevue,5305210,122363,8.0,19.6,18.2,25.4,49.6,6.2,8.1,4.2,61.7,73.2,71.2,3.6,34.8,39.8,9.6,76.6,6.5,29.3,2.4,12.2,78.5,7.9,18.8,82.2,8.0,29.1,2.0,6.7,"(47.59624376060, -122.153569982)"
WA,Bellingham,5305280,80885,12.1,25.4,18.3,29.3,50.2,6.7,10.5,5.6,60.0,69.4,67.7,6.3,35.8,34.6,16.6,66.6,8.3,32.1,2.8,17.6,73.9,12.1,27.0,79.5,12.3,27.5,2.7,12.1,"(48.75353703150, -122.468092906)"
WA,Everett,5322640,103019,14.5,27.3,16.0,31.5,51.3,6.5,10.3,6.0,61.3,72.4,64.9,6.8,32.4,32.5,18.2,62.7,9.5,33.0,3.1,20.4,76.6,12.6,32.3,79.4,13.2,35.7,2.9,12.9,"(47.94979661890, -122.160703911)"
WA,Federal Way,5323515,89306,14.7,23.6,17.7,28.3,51.7,6.1,10.0,5.4,60.2,72.0,63.8,5.8,30.4,33.2,15.7,64.5,9.0,30.0,2.9,18.2,73.7,11.8,25.9,78.0,12.5,33.6,2.9,12.4,"(47.30908463160, -122.335755583)"
WA,Kennewick,5335275,73917,16.8,25.2,18.0,29.2,52.2,6.5,10.6,6.3,61.6,70.2,65.0,7.0,29.9,34.5,18.6,61.2,9.5,33.0,2.9,21.6,74.7,13.1,31.2,78.2,13.8,33.1,3.0,15.4,"(46.19843842800, -119.173245847)"
WA,Kent,5335415,92411,16.2,24.2,17.3,28.8,52.1,6.1,10.3,5.7,59.8,71.4,62.6,6.3,29.9,32.5,16.8,62.3,9.4,30.3,3.0,19.3,72.9,12.4,26.5,76.8,13.3,34.2,3.0,13.5,"(47.38496362720, -122.217890194)"
WA,Renton,5357745,90927,12.7,22.4,17.7,27.6,51.3,6.0,9.4,5.0,61.0,72.6,65.7,5.1,30.9,35.1,14.1,67.6,8.4,29.7,2.8,16.8,75.4,10.6,23.5,79.2,11.1,32.9,2.6,10.9,"(47.47605467520, -122.191153327)"
WA,Seattle,5363000,608660,9.5,21.3,19.1,27.3,50.9,6.3,9.2,4.6,61.1,72.7,68.9,4.4,32.7,37.1,11.7,73.0,7.5,29.7,2.6,13.6,77.2,9.5,22.4,82.3,9.6,29.9,2.4,8.4,"(47.62215433800, -122.323532482)"
WA,Spokane,5367000,208916,12.9,27.3,18.5,29.8,52.0,6.9,10.6,6.1,63.1,68.5,67.4,6.9,32.2,33.6,19.6,62.5,9.0,33.0,2.9,19.7,76.3,12.9,32.6,79.2,13.2,32.9,3.0,14.0,"(47.67362432590, -117.415973291)"
WA,Spokane Valley,5367167,89755,11.5,26.8,19.6,28.4,51.0,6.9,10.2,5.8,63.3,69.8,69.1,6.5,32.5,34.6,19.0,64.8,8.5,32.4,2.8,18.6,77.2,12.3,31.5,81.0,12.2,32.5,2.7,13.1,"(47.66255657400, -117.234571922)"
WA,Tacoma,5370000,198397,14.1,25.9,16.9,32.6,53.8,6.3,10.9,5.9,63.4,69.9,63.7,6.7,33.4,31.0,20.2,63.2,9.6,33.8,3.0,21.6,75.6,12.7,30.8,77.1,13.1,37.7,3.0,14.0,"(47.24254114450, -122.454473910)"
WA,Vancouver,5374060,161791,12.8,25.6,17.3,29.5,52.7,6.6,10.7,5.9,59.9,71.8,66.9,6.5,31.3,37.0,18.4,64.9,9.0,32.3,2.9,19.5,78.5,12.4,29.5,80.4,12.6,34.4,2.8,12.8,"(45.63571723650, -122.598539476)"
WA,Yakima,5380010,91067,24.2,25.8,17.3,30.8,53.5,6.3,11.1,6.9,59.2,64.8,57.7,7.7,25.7,29.2,20.6,55.1,11.1,34.5,3.3,27.2,70.3,14.7,34.2,76.5,16.3,34.3,3.3,18.3,"(46.59257920920, -120.547807614)"
WV,Charleston,5414600,51400,11.4,32.8,11.8,37.6,63.2,6.4,10.3,7.2,78.1,75.3,67.6,8.5,47.5,44.9,24.1,62.0,10.9,35.1,3.1,23.6,80.2,14.1,33.2,82.1,14.5,38.3,3.0,22.1,"(38.34840797360, -81.6321650030)"
WI,Appleton,5502375,72623,9.9,22.8,25.4,28.9,57.6,6.1,9.2,5.1,67.9,75.4,70.5,5.0,31.9,34.0,16.7,71.0,8.0,32.8,2.2,19.4,80.0,10.5,29.6,84.1,10.4,28.6,2.4,12.5,"(44.27769874570, -88.3897664444)"
WI,Green Bay,5531000,104057,13.7,25.2,24.0,30.5,58.1,6.0,10.1,5.9,68.6,72.6,66.8,6.1,34.1,28.2,20.5,67.1,9.3,33.6,2.4,23.2,79.9,12.3,32.3,82.4,12.6,32.0,2.9,15.2,"(44.51498478160, -87.9896195955)"
WI,Kenosha,5539225,99218,14.4,24.7,22.3,30.5,59.4,5.9,9.9,5.8,67.4,72.6,65.4,6.0,29.1,29.9,20.2,63.4,9.6,32.8,2.5,22.9,78.2,12.1,35.3,82.4,12.7,33.5,2.9,17.1,"(42.58557027100, -87.8735745085)"
WI,Madison,5548000,233209,9.9,22.1,22.7,27.4,60.1,5.9,9.4,4.8,68.2,75.2,71.1,4.5,36.0,34.4,14.0,73.4,7.6,31.6,2.1,17.7,79.9,9.8,27.5,84.8,9.7,30.3,2.3,9.8,"(43.08098656940, -89.3915106344)"
WI,Milwaukee,5553000,594833,19.1,26.9,19.8,38.1,63.4,5.6,11.9,6.1,71.1,71.7,62.9,6.7,30.2,25.0,23.7,57.4,13.1,33.3,3.0,28.6,79.0,13.8,39.0,81.5,15.1,40.8,3.9,19.7,"(43.06412589250, -87.9672412429)"
WI,Racine,5566000,78860,17.1,25.1,21.9,34.0,60.9,5.8,10.7,5.9,66.5,71.5,64.6,6.3,28.4,29.6,21.1,59.9,10.9,32.5,2.7,25.0,78.6,12.9,36.9,80.4,13.8,36.3,3.3,18.2,"(42.72745994940, -87.8134530240)"
WI,Waukesha,5584250,70718,10.1,21.8,23.5,28.0,57.9,6.0,9.3,5.1,66.0,74.8,66.8,4.8,33.1,33.5,16.8,72.0,8.0,30.5,2.3,18.9,80.5,10.2,30.7,84.6,10.0,29.7,2.4,11.8,"(43.00933322150, -88.2457679157)"
WY,Cheyenne,5613900,59466,17.2,23.3,16.4,28.7,57.2,5.9,9.5,5.7,60.2,71.3,57.8,6.4,33.2,28.4,21.8,65.3,8.0,30.7,2.5,24.2,72.1,10.5,29.6,79.0,10.7,31.4,2.5,15.7,"(41.14608042650, -104.789064332)"
